0,1,2,3
1000,RF00005_CP001391_1_934962-934889,GGGATTGTAGCTCAGTCGGTTAGAGCAGTTCGCTCATAACGAATTGGTCGTAGGTTCGAGTCCTACCAATCCCA,tRNA
1001,RF00005_ABHI01000002_1_127012-126940,GGAATAGTAGCAAAGTTGGTCAATGCACCAGATTGAAGATCTGGCGATATAGGTTCGAATCCTGTCTATTCCA,tRNA
1002,RF00005_AGBK01002377_1_117-191,GGGCCTGTGGCGCAGTCTGGCTAGCGCACCGGCCTTTTAAGCCGGTTGTCGCGGGTTCAAATCCCGCCGGGCCCG,tRNA
1003,RF00005_CP002344_1_2819590-2819518,GCTGGTGTAGCTCAGCAGGCAGAGCAGCGCACTCGTAATGCGCAGGTCGCCGGTTCGAATCCGGCCACCAGCT,tRNA
1004,RF00005_EF463011_1_97449-97376,GGGCCTATAACTCAGTTGGTTAGAGTATACGCCTGATAAGCGTATTGTCAGTAGTTCAAATCTACTTAGGCCCA,tRNA
1005,RF00005_AACY023361938_1_1458-1531,GGGGACGTAGCTCAGCTGGATAGAGCAATTGATTCCTAATCAATAGGTCGGAGGTTCGAATCCTCTCGTTCCCA,tRNA
1006,RF00005_AACY020060274_1_1055-1127,GGGTCGGTAGCTCAATTGGTAGAGCAGGAGCCTTTTAAGCTCAAGGTCGTGGGTTCGATTCCCACCCGACCCC,tRNA
1007,RF00005_CP002830_1_1610581-1610509,GGTCCTGTAGCTCAGAGGAGAGAGCACTCGGTTGCGGACCGAGAGGCCGCAGGTTCGACTCCTGCCAGGACCA,tRNA
1008,RF00005_AACY023705609_1_304-232,TATCTTGTAACTCAATTGGTTAGAGTGTTTGATTGCGAATCAAAAAATGCTGGTTCGAGTCCAGCCAAGATAA,tRNA
1009,RF00005_ACDT01000138_1_34857-34927,GTGAGGTTAGCTTAATGGTAAAGCGATAGACTGTGGACCTATTAATATGGGTTCAATTCCCATACCTCACA,tRNA
1010,RF00005_ABDH01020384_1_502-574,GCCAAGATAGCTCAGTCGGTAGAGTAGCGCACTCGTAATGCGCAGGTCTCGGGTTCGATTCCCGATCTTGGCT,tRNA
1011,RF00005_AACY023810580_1_317-389,GAGTTTATAGCTCAGTTGGTAGAGCATTTCACTTTTAATGAAAGGGTCGCGGGTTCGAGCCCCGCTAAACTTG,tRNA
1012,RF00005_AGTN01118347_1_729-658,GCTGCCTTAGCTCAGCGGTAGAGCAAGGGTCTCTAAAACCCCGGGTCGCGAGTTCGAATCTCGCAGGCAGCA,tRNA
1013,RF00005_ACXJ01005625_1_454-371,GCCCGGATGGCGTAATCGGTAAACGCGATGGTCTCAAAAACCATTGTCCGCAAGGGCGTGCGGGTTCGAGTCCCGCTCCGGGCA,tRNA
1014,RF00005_ADLQ01000083_1_31816-31889,GTTTCTGTAGCTCAGCAGGATAGAGCGTCCGCCTCCTAAGCGGAAGGCCAGCGGTTCGAATCCGCTCAGGAACA,tRNA
1015,RF00005_AACY020967136_1_170-98,GCTCCCGTAGCTCAGTTGGCAGAGCGCTGCTCTTATGAAGCAGCGGCCGAGGGTTCGAACCCCTCCGGGAGTA,tRNA
1016,RF00005_ADCD01000001_1_2540-2467,GCACCTGTAGCTCAGTTGGTCAGAGCATCTCGTTTACACCGAGAGGGTCGGGGGTTCGAGTCCCTCCGGGTGCA,tRNA
1017,RF00005_AACY021902159_1_329-401,GCCGGAGTAGCATAGTGGTTATTGCATCTCGCTTGTAACGAGAAGGTCCTCGGTTCAAATCCGAGCTTCGGCT,tRNA
1018,RF00005_AFRW01000110_1_11968-12039,GCCCCAATAGCTCAGAGGTAGAGCGCCATCTTGGTAAGGTGGAGGTCGCGGGATCGATTCCCGCTTGGGGCT,tRNA
1019,RF00005_ABIL02000003_1_95590-95518,GCTGGTATAACTCAGCTGGTAGAGTAACTCATTCGTAATGAGTAAGTCGTCGGTTCGAATCCGACTATCAGCT,tRNA
1020,RF00005_CP001959_1_1905653-1905725,GCCAACCTAGCTCAGTTGGCAGAGCAGTGCATTCGTAATGCATTGGTCGTGGGTTCGATTCCCATGGTTGGCT,tRNA
1021,RF00005_AACY023446800_1_706-795,GGATGGTTGGCTGAGAGGTCTAAAGCGATCGCCTGCTAAGCGATTGTGGGGCTCATAATTCCACCAAGGGTTCGAATCCCTTACCATCCA,tRNA
1022,RF00005_AF538046_1_995-1077,AGGATGATGGCTGAGTGGTCAATAGCGTATCACTGTAAATGATATCCTTTCCAGGTTCGAAGGTTCAAATCCTTCTCATCCTA,tRNA
1023,RF00005_AACY021298991_1_95-168,GGTCTCTTAGCTCATTCGGTTAGAGCAACTGACTCATAATCAGTAGGTGGTTGGTTCGATCCCAACAGGGACCA,tRNA
1024,RF00005_HM004124_1_81628-81555,GCGGTATTAGCTCAGTTGGTAAGAGCGTCGTCCTTCCAAGTCGAAAGCCATCGGTTCGAGTCCGATATGCCGCT,tRNA
1025,RF00005_AGTN01657369_1_492-564,GCGTCCATAGCTCAGCCGGTAGAGCACTCCCCTTTTAAGGGATAGGTCCTGCGTTCGAATCGCAGTGGACGCA,tRNA
1026,RF00005_AFSM01000623_1_522-449,TCTCCCGTGGCGCAATTGGTTAGCGCGTCTGACTGTTAATCAGGAGGTTGGTGGTTCGAGCCCACCCGGGAGAG,tRNA
1027,RF00005_BACD01004714_1_998-1071,AGCATCGTAGGCAAGTGGTTTAAGCCGCCGGGCTCATAACCCGGAGATCGGAGGATCGAAACCTCCCGATGCTA,tRNA
1028,RF00005_ABPP01009545_1_501-584,GGGAGAATGACTGAGTGGTTAAAAGTGGTAGATTGTAAATCTGTTGGTGTTAAACCTTCATGGGTTCGAATCCCATTTCTCCCA,tRNA
1029,RF00005_DQ287690_1_20386-20471,GGAAGATTGGCTGAGTGGTTTTAAAGCAAAAGATTGCTAATCTTTGACAATTATTTGTCTCATGGGTTCGAATCCCATATCTTCCG,tRNA
1030,RF00005_AACY020909476_1_893-821,GCGGTAGTGGCCAAACGGTTAAGGCACAAGATTGTGAATCTTGGGATTGCGGGTTCGAGTCCCGTCTATCGCC,tRNA
1031,RF00005_GU057832_1_6197-6267,CGCGGGGTCGTCTAATGGTAGGGCATCAGACTTCAAATCTGACTACGGTGGTTCGATTCCATCCCCCGCGA,tRNA
1032,RF00005_AF518459_1_382-454,ACGAGTATAGTATAGTGGTTAGTACCTTAAACTTCCAATTTAATTGCTCTCAGTTCGAATCTGAGTACTCGTA,tRNA
1033,RF00005_AACY023434708_1_1364-1293,GCCTGGTTAGCTCAGTGGTAGAGCAACGCCCTTACAAGGCGAAGGTCAGTGGTTCAACCCCACTACCAGGTA,tRNA
1034,RF00005_FR877557_1_1984436-1984350,GGAGAGATGCCGGAGCGGCTGAACGGACCGGTCTCGAAAACCGGAGTGGGGGCAACTCCACCGGGGGTTCAAATCCCCCTCTCTCCG,tRNA
1035,RF00005_CP000103_1_2769529-2769612,GCCGGGATGGCGGAATTGGTAGACGCACGGGACTCAAAATCCCGCGACCGCGAGGTCATGGGGGTTCGATTCCCCCTCCCGGCA,tRNA
1036,RF00005_ACXL01000009_1_82416-82344,AGCCCCGTGGTGTAGTGGCCAAGCATATCGGACTTTGAATCCGACGACGGCAGTTCGAATCTGCCCGGGGCTG,tRNA
1037,RF00005_AAXW01000043_1_3407-3493,GGGTTGGTATCCAAATTGGTGAAGGAGCTTGACTGTAAATCAAGTGCTTGTGTGCTGAACTTGGGGGTTCGAGTCCCTCCCAACCCA,tRNA
1038,RF00005_CP002725_1_1290504-1290432,GCCTCGGTAGCTCAGTGGATAGAGCACCACTCTCCTAAAGTGGGTGTCGTCAGTTCGATTCTGATCCGGGGCA,tRNA
1039,RF00005_ABLX01184550_1_87-13,TGGGACATAGCATAATTGGTTAATGCAGCAGTCTCATAAACTGTCGATTTGCGGGTTCGAGTCCCGCTGTCCCTA,tRNA
1040,RF00005_HM222968_1_58213-58130,GTACCCGTGGCTGAGCGGTCGAAAGCGATGGACTCATAATCCATTCTCTTATAAGCATCAGTGGTTCGAACCCACTCGGGTACA,tRNA
1041,RF00005_GU133622_1_5021-4950,GAGAATATAGCTTAAAGAGAAAGCCTTTGCCTTTTAAGCAAATGAATAAGAGTTTGACTCTCTTTATTCTCA,tRNA
1042,RF00005_AFRP01001164_1_88-159,GGGGAATTAGTATAATGGTTAGTACACTATATTTACACTATAGTAGTGGTGGTTCGATTCCATCATTCCCTA,tRNA
1043,RF00005_AEQO01000071_1_372-285,GGAAAGGTGCTCGAGTGGTTGAAGAGGCACGCCTGGAAAGCGTGTAACCGCCTAAAGCGGTTCGTAGGTTCGAATCCTATCCTTTCCG,tRNA
1044,RF00005_AACY021804542_1_251-332,GTAGAAGTGGCTGAGTGGTTTATAGCGGCAGATTGTAAATCTGTTGGAAATACCGTCGCAGGTTCGAATCCTGCCTTCTTCT,tRNA
1045,RF00005_HQ704808_1_13983-14064,GCAAAGATGCCCGAGTGGTCTAAGGGGGTGGTTTCAAGCACCACTATTTTCGAATGCGCGGGTTCAAATCCCGCTCTTTGCA,tRNA
1046,RF00005_AY863211_1_7571-7643,GGGTTTATAGCTTAATTGGTAGAGCACATAATTGTCGATTATGAGGATATCGGTTCGAATCCGTTTAATCCCG,tRNA
1047,RF00005_FP929050_1_3361791-3361864,GGCGAGATGGCTCAACTGGCTAGAGCGTCCGGTTCATACCCGGGAGGTTAAGAGTTCAAGTCTCTTTCTCGCTA,tRNA
1048,RF00005_AGBJ01001790_1_732-821,GGAGAGATGGCAGAGTCCGGTTAAATGCGCCGCACTCGAAATGCGGTTTCCGATTTTTTCGGAACGGGGGTTCGAATCCCTTTCTCTCCG,tRNA
1049,RF00005_AEIX01000225_1_6869-6941,GCCCCCTTGGTCTAGCGGACAAGACGGTACCTTGCGGAGGTACAGACCCAGGGTTCGAATCCCTGAGGGGGCG,tRNA
1050,RF00005_BABD01014573_1_443-373,TGGGGATTTGCATAATGGTAGTGCGACGGACTCTGACTCCGTTTGTGGGAGTTCGATTCTCTCATCCCCAA,tRNA
1051,RF00005_AF114794_1_10113-10198,GGATAAATGGCTGAGCGGTTTAAAGCTTTAGTTTTGAAAGCTAACGTGGAACAAATCCACCGTGGGTTCGAATCCCACTTTATCTT,tRNA
1052,RF00005_AACY023434736_1_365-435,GCCTCTAAAGCATTGTGGTGATGCACCGCTCTTGTAAAGCGGAGACGACAGTTCAATTCTGTCTAGAGGCT,tRNA
1053,RF00005_AACY020569013_1_152-77,GCTCCTGTGGTGTAGTCCGGTTAAGCATACTGCCCTCTCAAGGCAGTGATCCCGGGTTCAAATCCCGGCGGGAGCA,tRNA
1054,RF00005_AGTN01112359_1_1280-1355,CGCGGAGTAACTCAGTTTGGTTTAGAGTACTCGCCTTGGAAGCGAGGAGTCGTTGGTTCAAGTCCAACCTCTGCGA,tRNA
1055,RF00005_ABTR02000001_1_1975148-1975078,TGGGGAATCGTCCAACGGCAGGACGCCTGACTCTGGATCAGGTAATCGGGGTTCGAATCCCTGTTCCCCAG,tRNA
1056,RF00005_ACFA01000564_1_18453-18369,GCGGCCGTGGCGAAATAGGCAGTACGCGCGGGCCTTAGAAGCCCGTGGGCGAAAGCCCGTGTGGGTTCGAATCCCACCGGCCGCA,tRNA
1057,RF00005_AM746676_1_2819226-2819153,CGGGGAGTCGCACAGTCCGGTAGTGCACGAGCTTTGGGTGCTCGTTGTCGCGGGTTCAAATCCCGCCTCCCCGA,tRNA
1058,RF00005_ADGC01003338_1_384-455,GGCACGTTCGGCAAGCGGTTAAGCCACAGCCCTCTCAAGGCTGTATCACGGGTTCGATTCCCGTACGTGCTA,tRNA
1059,RF00005_FR799596_1_430266-430337,GACGTTGTGGCGCAATGGAAGCGCGTCGGATTCCGGATCCGAAGGTTGTGGGTTCGACCCCCATCAGCGTTG,tRNA
1060,RF00005_AACY021514424_1_678-595,GGAAGGTTGCCCGAGTGGTCTAAGGGGAATGACTTAAGATCATTTATACTTCGGTATGCGTGGGTTCGAACCCCACACCTTCTA,tRNA
1061,RF00005_CP000934_1_2051035-2051105,GGCGCGATAGCAAAGCGGTTATGCTCTGGATTGCAAATCCAGCTAGTCCGGTTCGACTCCGGATCGCGCCT,tRNA
1062,RF00005_AACY021529849_1_447-375,GCGTTTTTAACTTAAATGGATAGAGTGTTTGTCTTCTAAACAATGAATGTTGGTTCAAGTCCAACAAAACGCA,tRNA
1063,RF00005_CABU01001981_1_5493-5411,GCATGTGTTGCGGAGTGGTTAAACGCGCCAAGCTTAAGACTTGGTACCTTCGAGTTTCGTGGGTTCGAACCCCACCGCATGCA,tRNA
1064,RF00005_AACY023772092_1_420-493,GCCCCCGTAGCTCAGAAGGATAGAGCAAGGGATTCCTAATCCCTGTGCCGCTGGTTCGACTCCAGTCGGGGGTA,tRNA
1065,RF00005_AACY023899605_1_623-708,AGATAATTGGGTGAGTGGTTTAAACCGTTTGTTTTGAAAACAATTGTAACTAGTCGTTACCGTAAGTTCGAATCTTACATTATCTG,tRNA
1066,RF00005_ADJS01010658_1_10555-10467,GCAGATGTACTCAAGTGGTCGTAAGAGGGAGCACTCGAAATGCTTTAGGACAGGAGACTGTCGCGTGGGTTCGACTCCCACCATCTGCG,tRNA
1067,RF00005_AP012027_1_1203183-1203111,GCGGCTTTAGCTCAGTGGATAGAGCAAGTGCCTCCTAAGCGCTGTGTCACAAGTTCGATTCTTGTAAGTCGCA,tRNA
1068,RF00005_AAFY01026737_1_360-432,GGAGACATAGCAAAACGGCTAATGTACGGGATTGCAAATCCTTGAGGTCCCGGTTCGAATCCGGGTGTCTCCT,tRNA
1069,RF00005_EU237474_1_11392-11465,TGGCCCATAGCTCAATTCGGGAGAGCGTTTACCTTCTAAGTAAGTGGTTATAGGTTCAAATCCTATTGGGGCAA,tRNA
1070,RF00005_ABPQ01005255_1_28-98,AGGCCCATGGTGTAACGGTAGCACGACTGGTTCTGGTCCAGTTAGTCGGGGTTCGAATCCCTGTGGGCCTG,tRNA
1071,RF00005_ADMF01000038_1_13816-13745,GCGCGGTTAGCTCAGGGGTAGAGCACTGCCTTCACACGGCAGGGGTCACTGGTTCAATCCCAGTACCGCGTA,tRNA
1072,RF00005_CAAE01008192_1_605-534,GGCGTGGTGGCCGAGTAGTGAGGCGTTGGTCTCGTAAACTAAAGGTCATGGGTTCAACCCCCATCCATGCCT,tRNA
1073,RF00005_ABMJ01044876_1_91-20,GTGACTATAGTGTAACGGTTAACACGCTAGATTGTGGTTCTGGAAATGGGAGTTCGATTCTCCTTAGTCACC,tRNA
1074,RF00005_ABDH01031200_1_480-406,CGGGCAATAGCGCAGTTGGTTTAGCGTACAAGTCTGGGGGACTTGGGGTCGGCGGTTCAAATCCGCCTTGCCCGA,tRNA
1075,RF00005_AACY023768935_1_322-403,GCCAGGTTACTCAAGTGGTCAACGAGGGCAGTCTGTAAAACTGCTGGCATAGCCTACGCAGGTTCGAGTCCTGCACCTGGCA,tRNA
1076,RF00005_FQ312004_1_2917425-2917353,GCGGTAGTAGCTCAGTTGGCAGAGCGGCGGCTTCCCAAGCCGCAGGTCACGAGTTCGACCCTCGCCTACCGCT,tRNA
1077,RF00005_BA000023_2_306779-306682,GCCGCCGTAGCTCAGTCTGGTAGAGCGCCGGCCTCGTAAGGTTCCTAAGAAGGATCCAAGAAAGCCGGTGGTCCGGGGTTCAAGTCCCCGCGGCGGCT,tRNA
1078,RF00005_ABMJ01048758_1_92-11,GTGTTGGTGGCAGAGTGGTCGAATGCAACGGTCTGCAACACCGTTCCGAAAGGCGACGCCGGTTCGAATCCGGCCCTACACT,tRNA
1079,RF00005_AACY023774880_1_1053-970,GCCAGCGTCGCATAATCTGGTATTGCGCCGGCCTTGAAAGCCGGTTTCCTTCGGGATATCCCGGTTCAAATCCGGGCGCTGGCG,tRNA
1080,RF00005_FJ858268_1_33846-33774,ACACCTGTAACTCAATGGATAGAGTGTCACACTACGGATGTGAAAGTTGTGGGTTCGACTCCTGCCAGGTGTG,tRNA
1081,RF00005_AAXG02000011_1_77470-77543,GGGCCCGTAGCTCAGTCTGGGAGAGCGTACGGTTCGCATCCGTAAGGTCGAGGGTTCGATCCCCTTCGGGTCCA,tRNA
1082,RF00005_AFPA01000239_1_4405-4475,GGTGAATTAATTTAATGGAAAAATTATGTGCTACGGACACATTAATATAGGTTCAAATCCTATATTCACTA,tRNA
1083,RF00005_AACY023296558_1_1378-1454,CGAGATGTTGGGGAGTCCGGTTACCCCGCCTGCTTTGGGAGCAGGAGAACTCGCAGGTTCGAATCCTGCCATCTCGA,tRNA
1084,RF00005_AACY022542395_1_340-422,GCCGCGGTGGTGGAATTGGTAGACACGCTAGCCTTAGGAGCTAGTATCTTTTTGATGTGAGAGTTCGAGTCTCTCCCGCGGTA,tRNA
1085,RF00005_FR773153_2_807196-807284,GGAAACTTACCCAAGAGGCTCAAGGGGACACACTGCTAATGTGTTAGACAAAGATTTTTTGTGCATGGGTTCGAATCCCGTAGTTTCCG,tRNA
1086,RF00005_AP009552_1_4646493-4646565,GGGTACGTAGCTCAGAGGATAGAGCACCAGGTTCCGGTCCTGGGTGTCGGGGGTTCGACTCCCTCCGTACTCG,tRNA
1087,RF00005_AEYA01001368_1_54527-54599,GGTTCCATGGTGCAATCGGTAGCACGTATGCTTTACACGCATAAGGTACTGGGATCGAAACCCAGTGGGACCA,tRNA
1088,RF00005_CP002901_1_162660-162730,TGGGGGATGATGTAGCGGTAGCATAGGTGACTCTGGATCACCTCGCCCAGGTTCGAATCCTGGTCCCCCAG,tRNA
1089,RF00005_EU267175_1_55977-55907,ACGATAGTAGGTTAATGGTAGACCCTGGCACTTCCAATGCTACTGTGCGTGTTCGATTCACGTCTATCGTA,tRNA
1090,RF00005_AP011878_1_1105-1005,GGGGGCGTAGCCGAGCAAGGCCAAGGCGTCGGGCTCCAGATCAAAACAGCTGGTCAAGAGGCGACACCCGAAGACCGTGGGTTCAAGTCCCACCGCCCCCA,tRNA
1091,RF00005_ABSO01004071_1_5-78,CGGGGTGTGGCGCAGCTTGGTAGCGCACCTGAATGGGGTTCAGGAGGTCCCGCGTTCGAATCGCGGCACCCCGA,tRNA
1092,RF00005_ABSN01044269_1_147-75,GCACGACTAGCTCAACCGGCAGAGCGCCGTCCTCTTAAGTCGGAGGTTCGCGGTTCAAGTCCGCGGTCGTGCT,tRNA
1093,RF00005_CABZ01001073_1_7795-7723,GGCCCAGTGGCCTAAAGGATAAGGCCCCAGTCTTCGAAGCTGGGGATTGTGGGTTCAAGTCCCACCTGGGTTG,tRNA
1094,RF00005_ADGC01000110_1_632-779,GTATCCTTGGCTCAGTTGGTAGAGCATCGGACTTATACGTTTTCAGTTTACGTAAACTGTATAAGCCGTAAATAAGAACTATGAGAAGAGCGAAACTTCTTACGGCTACTTAATCCGAGGGTCACGGGTTCGAGTCCCGTAGGATACA,tRNA
1095,RF00005_AACY023875045_1_141-213,GGTCTCTTGGTGAAATGGATCATCACGACGGTCTTCGGAACCGTAATTCTGGGTTCGAGTCCCAGGGAGACCA,tRNA
1096,RF00005_AACY023285833_1_1674-1602,TGCAGGGTAGCTCAGGGGTTAGAGCAGTAGACCGATAATCTACGTGTCGGGGGTTCGATTCCCTCCCCTGCGA,tRNA
1097,RF00005_AFRC01001752_1_1305-1233,TATACCGTAGTCTAATAGGTAGGACATAAATTTTTGGTATTTATAAGTAGGTGTTCGAATCACCTCGGTATAA,tRNA
1098,RF00005_ACIO01000141_1_27031-26947,GGAAAAGTGATCGAGAGGATTAAGATGATACTTTGCTAAAGTATTGTGCTGTCAGGCACCGGGGGTTCGAATCCCTCCTTTTCCG,tRNA
1099,RF00005_AACY023344537_1_243-157,GGAGCCGTGTCAGAGTGGTCTAATGTACCTCTTTGCTAAAGAGGCAGGGGATAAAACCCCTCGCTGGTTCGAATCCAGCCGGCTCCG,tRNA
1100,RF00005_M21402_1_615-697,GGGGATATAGCTCAGTTGGTAGAGCTCCGCTCTTGCAATTGGGCCTGTGGCGGATGTCAGCGGTTCGAGTCCGCTTATCTCCA,tRNA
1101,RF00005_DQ422812_2_30138-30065,GGGGTTATAACTCAGTTTGGTAGAGTATCTCAATGGCATTGAGAAAGTCAGCGGTTCGAACCCGCTTAGCTCCA,tRNA
1102,RF00005_ACEN01000022_1_18294-18375,TGCCGGTTAGCTCAGTGGGTAGAGCGTCGCCTTTAAAATGAAAATACGGCGAAGGTCGGTGGTTCAAATCCACCATTGGCAA,tRNA
1103,RF00005_ABBX01000056_1_2960-2879,GCTGGAATCGTGTAGTGGCAATCACAGGAGACTGTAAATCTCCCGCCGTAAGGCTTCGTAGGTTCGAGTCCTACTTCCAGCA,tRNA
1104,RF00005_HQ693844_1_26610-26537,GGGCATGTAGCTCAGTGGACTAGAGCACGCGTCTCCGAAGCGCGGGGTCGAGGGTTCAATTCTCTCCTTGCCCT,tRNA
1105,RF00005_ACJG01016607_1_1061-989,GCCCGGTAAGCTCAGACGGTAGAGCACGGGGATTTAAATCCTGAGGTCGAGGGTTAAAGTCCCTCATCGGGCG,tRNA
1106,RF00005_AACY023901339_1_432-504,TGGGATATAGCCAAGTTGGTAAGGCCTTCGTTTTTGGTACGATCATTCAAAGGTTCAAATCCTTTTATCCCAT,tRNA
1107,RF00005_AACY023839419_1_907-981,TGGCCTTTGGTGTAATTGGTTTAACACATCTCACTTTGACTGAGAAGAGTCCAGGTTCGAACCCTGGGAGGCCAA,tRNA
1108,RF00005_AGBE01002141_1_29161-29077,GGAGGAGTAATCAAGCCTGGCCAACGATGTAGGACTTAAGATCCTATCTTTCAGGAGTTCGTGGGTTCGAATCCCACCTCCTCCA,tRNA
1109,RF00005_AF402141_1_26250-26321,GCTTCGGTAGCTTAGTGGTCAAAGCGTCAATTTGAAGCATTGGAGATTCTTGTTCAATTCAAGGCCGAGGCA,tRNA
1110,RF00005_AP003604_1_51089-51015,ACTCCTGTAGCCCAATTGGCAGAGGCGGCTGTTTCAAAAACAGTCTGTGTATGGGTTCAAATCCCATCAGGAGTA,tRNA
1111,RF00005_AACY021719426_1_160-89,GGTGGATTAGTTTAACAGGCAAAACAGGGAACTCGTAATTCTCAAAAACCAGTTCAAGTCTGGTATCCACCT,tRNA
1112,RF00005_AACY020465051_1_924-840,GGTAGTATTCCCGAGTTTGGTCAAAGGGGCTCGACTCAAGATCGAGTGCTATACGCCTTCGGGGGTTCAAATCCCCCTGCTACCA,tRNA
1113,RF00005_ABMW01085683_1_9-81,CTAGGTGTAGGAAAGTTGGTATTCCGCGTGCTTTGGGAGCACGAGATCGCAGGTTCGAGCCCTGTCACTTAGA,tRNA
1114,RF00005_AACY023753265_1_944-1015,CCGTCCATAGCTCAACTAGCAGAGCGGCGGTCTCTAAAATCGCGGGTACGGGTGCAAATCCCGTTGGACGGG,tRNA
1115,RF00005_AACY021695304_1_247-176,GGCCCCGTGGTGTAGTGGATAGCATTGGAGTTTGCGGAACTCCGGACCCGGGTTCGATTCCCGGCGGGGCCG,tRNA
1116,RF00005_AGCW01000020_1_2219-2132,GGTGACGTGTCCGAGCGGCCGAAGGTGCAACTCTCGAAAAGTTGTGTAGGGTAACCCCCTACCGTGGGTTCAAATCCCACCGTCACCG,tRNA
1117,RF00005_AEIH01000163_1_35246-35175,GTTTCCGTAGTTCAACGGATAGAATAGCTGATTCCGATTCAGCCGATATGGGTTCGATTCCCTTCGGGAACA,tRNA
1118,RF00005_AACY024115996_1_773-844,CGGGAATTGGGATAGTGGTTGTCCACTTGGTTTGGGACCAAGTTCAGGGAGGTTCGATTCCTCCATTCCCGA,tRNA
1119,RF00005_AACY021390594_1_346-418,ACCGGTGTGGCGCAGCGGCAAGCGCGCAAGGCTCATAACCTTGAGGACACCTGATCGAAACGGGTCACCGGTA,tRNA
1120,RF00005_AGSZ01000707_1_7081-7009,GCCTTCATAGCTCAGTGGCACGAGCGCGCCCTTGGTATGGGCGAGGCCCCGGGTTCGACCCCCGGTGAAGGCT,tRNA
1121,RF00005_DQ365900_1_26216-26133,GTTCACTTGGCGGAATCGGTAGACGCGACAGATTTAAAATTTGTTCTCTTTTAAGAGGTGCGAGTTCAAGTCTCGCAGTGAATA,tRNA
1122,RF00005_CP001994_1_1976213-1976104,GCCCGGATAGCCTAGTTGGTTGGGGCGCCAGACTCATAGGGTAAACGATTGGGTGCTCCCATGTCTCCTGAGACATCTGGAGGCCGCGTGTTCGAGTCACGCTCCGGGCA,tRNA
1123,RF00005_CP000031_1_3207149-3207066,GCGGGCGTGGTGGAATGGTAGACACATGGCACTTAAAATGCCTGGGCCGTATAGGCCGTGCCGGTTCAAATCCGGCCGCCCGTA,tRNA
1124,RF00005_AP010822_1_1296-1226,CAGAAAATAGTTTTAATGTAAAATGCCAGCTTTGGGAGTTGGAGATGAAGGTTCAATTCCTTTTTTTCTGA,tRNA
1125,RF00005_AACY023480524_1_1472-1542,CTTAAGATAGCTTAGTGGTTAAGCGTAGGACTCAAGCTCCTTCTACGTTGGTTCAATTCCAACTCTTATGA,tRNA
1126,RF00005_JN699627_1_94519-94589,GCGCCTTTGGCGGAATGGCTACGTGCTCGGCTGCAACCCGAGTTATCCCGGTTCGACTCCGGGAGGGCGCT,tRNA
1127,RF00005_AY283928_2_177089-177019,AGCTCCATAGTTTAACGGTAAAACACGCGACCGATAATCGCACGTTGACAGTTCGAGTCTGTCTGGGGCTA,tRNA
1128,RF00005_AGTN01151336_1_728-657,GGAGGCATGGCAGATTGGCTATGTATCTGGCTTTTAACCAGCTCCAGGTAGGTTCGATTCCTACTGCCTCCA,tRNA
1129,RF00005_ADGC01003490_1_729-800,TGGGGTATGGTGTAATGGTTAGCACAAGGGATTTTGGTTCCCTCGGTTTCAGTTCGAATCTGGATATCCCAA,tRNA
1130,RF00005_BX294153_1_131941-131858,AGCCAAGTGGTGGAACTGGTAGACACGCGACACTCAGAATGTCGTGCCCACAGCGGCGTGCGAGTTCAACTCTCGCCTTGGCTA,tRNA
1131,RF00005_AACY020296672_1_4112-4025,GGCCGAGTGGCGAAATTGGCAGACGCACGGGACTTAAAATCCCGGGAAGGGGTTTCCCTTCGTGCGGGTTCGAGGCCCGCCTCGGCCA,tRNA
1132,RF00005_AY596298_1_95036-95109,GGGCTCGGGGCCTATGAGGCACAGGCGTGGGACTTTTAATCCCGAGACAGAGGGTTCGAATCCCTCCGAGCCCG,tRNA
1133,RF00005_ABMN01141101_1_98-22,GCCGTTGTAGCTAAGTCTGGTTTAAAGCAATCGTCCAGTAAACGATAGATCTATGAGTTCGAATCTCATTAACGGCT,tRNA
1134,RF00005_ABSI01000010_1_851149-851076,CAGATGTTAACTCAAGTGGTAAGAGTACATGACTGATAATCATGTTGTCGCCGGTTCGAATCCGGCACATCCCA,tRNA
1135,RF00005_AACY022183562_1_598-668,GCAGGATTAGTTTAGGGGTAAAACAGAACGTTGCCAACGTCCAGTCACCAGTTCAAGTCTGGTATCCTGCT,tRNA
1136,RF00005_AY525783_1_15513-15585,GTTCTGGTAGCCTAAAACCCAAGGCATTGGTCTTGTAAACCAAAGATTGGAGGTGAAATTCCTCCCCAAAACA,tRNA
1137,RF00005_CACN01012729_1_329-257,GGGCGGTTAGATCAGTGGTAGTATCGCTCGCTTTGCATGCGAGAGGTCGTGGGTTCAATCCCCACATCGTCCA,tRNA
1138,RF00005_CP000099_1_2028771-2028842,GCGACTGTGGTTTAGCGGCTATGACCTGAGCTTCCCAAGCTTAGAACCCGGGTTCGAATCCCGGCGGTCGCA,tRNA
1139,RF00005_BABG01000129_1_5427-5498,GGCGTATTCGACTAACGGTTAGGTCGTCACCTTTTCACGGTGGAAACCAGAGTTCGATTCTCTGATACGCTA,tRNA
1140,RF00005_BACD01007766_1_2701-2772,ATGAATTTAGCTTAATGGCAGAGCCTCTATCTTACACATAGTCTAGTGTGGGTTCAAATCCTACAGTTCATA,tRNA
1141,RF00005_ACYE01000006_1_2786-2856,TCCTTAGTGGTGTAGAGGTAACATAACTCTCTTTCACAGAGTCGCCCGGGGTTCGATTCCCCGCTAGGGAG,tRNA
1142,RF00005_CP002455_1_259269-259196,TGCGAGATAGAGCAGTTGGTCAGCTCGTTGGTTTAACTTGCCAAAGGTCACAGGTTCGAGTCCTGTTCTCGCTA,tRNA
1143,RF00005_AGNT01000001_1_16623-16551,GCGGCGTTGGTCCAGTGGCCTACGACTCGACCTTGCCATGGTCGGAACCTGGGTTCAAATCCCAGACGCCGCA,tRNA
1144,RF00005_ADVD01000611_1_20824-20895,TCCCCCATAGTACAATGGCTAGTATATGAGCTTCTCACGTTCAAGATCAGAGTTCGATTCTCTGTGGGGGAG,tRNA
1145,RF00005_AACY022115766_1_707-625,GCTCTGGTGGTGGAATCGGTATACACAGGAGACTTAAAATCTCCCGCCTCAAAGGCTTGTGGGTTCAAGTCCCACTCGGAGCA,tRNA
1146,RF00005_AACY023525891_1_143-50,GACTACGTGGCCGAGTGGTTAAGGCGACGCCCTGCTATTTTAATTATCGAGGCGTTACGTTTTACGTGCGCAAGTTCGAGTCTTGCCGTAGTCG,tRNA
1147,RF00005_CP001814_1_2592416-2592488,GGGTCCGTAGTGCAGTTGGTCGTCACGCCGCCCTTCAAGGCGGAGGACGCCGGTTCGAATCCGGCCGGACCCC,tRNA
1148,RF00005_CP000866_1_1313500-1313571,GGTACTCTGGCAGAACGGTTATGCGTGGGCCTGCAAAGCCTATACAAGGGGGTTCGACTCCCTCGGGTACCT,tRNA
1149,RF00005_CP000721_1_3549425-3549341,GGAAAATTGTCAGAGTGGTTTAATGGGCTGGCTTAATAAGCTAGTGAGTGTAAAAGCTCCACAGGTTCGAGTCCTGTATTTTCCA,tRNA
1150,RF00005_BAAY01006459_1_388-460,GGGGAATTAAGCTAACTGGCTAAACTGGTAGCTTTGCAAGCTACATTAGAGGGTTCAAGTCCCTCATTCTCCA,tRNA
1151,RF00005_AACY021204876_1_253-341,GGACGGTTGGCAGAGTCTGGCTTATCGCACTCGCCTGGAAAGCGAGAGGGCTGTCATGGCCCACGGGGGTTCAAATCCCTCACCGTCCG,tRNA
1152,RF00005_AY101381_1_9468-9538,GCCTGTGTAGTATAGTGGTAGAACGTGGATCTTGTAAATCTGAGGCAGGGGTCCGATTCCTCTCACGGGCA,tRNA
1153,RF00005_ABGB01000016_1_101695-101778,GTTGCGGTGGCCGAGCGGTCTAAGGCGCCGGAGTTAGGGTCCGGTCTATTTACATAGGCGAGGGTTCGAATCCCTTCCGCAATA,tRNA
1154,RF00005_AACY020314185_1_475-557,GTCGGCATGGCGGAATTGGTAGACGCGCTGGGTTTAGGTTCCAGTGACTTTATGTCGTGGAGGTTCAAGTCCTCTTGCCGACA,tRNA
1155,RF00005_FP565813_1_13639-13710,TGTGGGGTAGTTCAACCGGCAGAACGCCGGGCCTCGGCCCGGAGGCCGGCGGTTCGAGTCCGCCCCCCACAG,tRNA
1156,RF00005_ACSZ01035059_1_115-239,GCTCCCATAGCTCAGTTGGTTAGAGCGTGGTGCTTATAAGCTACTTTCATAACTAGCTTACCTATGATAGTACACGAAATGGCGAAGTTACGCTAAGGTCGTGGGTTCGACTCCCACTGGGAGCA,tRNA
1157,RF00005_ABEF01049145_1_1304-1218,GGAGGGATGCGAGAGCGGACGATTCGGCACGCCTGGAACGCGTGTGTGGCTTCACCGTCACCGTGGGTTCGAATCCCACTCCCTCCG,tRNA
1158,RF00005_ABRN01286511_1_15931-15859,TCCTTGATGGTCCAGTGGTTAGGACTTGGCACTCTCATTGCCAGGGGCCCAGGTTCGATCCCTGGTCCAGGAA,tRNA
1159,RF00005_AEGA01024668_1_10609-10537,ACGGCGATAGCTCAGTGGTTAGAGCATTACCCTGGCAAGGTAAAGGTCGCGTGTTCGATTCTCGCTCGTCAAA,tRNA
1160,RF00005_AP005983_1_5057-5127,AGAGATTTAGGTTAAAGTCAGACCGGAGGCCTTCAAAGCCCCCAGCGAGGGTTAAAATCCCTTAATTTCTG,tRNA
1161,RF00005_AM404181_1_13994-13924,AACAAAATGACTGAAAGACTAAGTAATAGATTGTAAATCTAATAATAAAGGTTAAATTCCTTTTTTTGTTA,tRNA
1162,RF00005_ABOF01103793_1_71-1,ACGAGTGTGGTCTACTGGTTATGACAGAGCCCTTACAAGGCTCAGAAGACAGTTCGATTCTGTCCACTCGT,tRNA
1163,RF00005_JF704113_1_63215-63285,GCCGCTGTGGCCGAGTGGCTAGGCACCGGCCTGCAAAGCCGGTTAGTCCGGTTCGATTCCGGAGGGCGGCT,tRNA
1164,RF00005_AFXM01000241_1_107154-107233,GGTCTATTGGCTCAATGGTAGAGCACCTGTCTCCTATGCTGGAAAACAGGAGGTTGTGGGTTCGAGTCCCATGTAGATCG,tRNA
1165,RF00005_AEAV01000073_1_37273-37402,GAGAGTTTGGCCGAGTGGTTAAGGCGTCAGATTTAGGTCCGACAGGATTAAGTACGATTGTCTCCCAGAGACAGCTGTACCAAATACTCTGATATCTACGGATGCGCGGGTTCGAATCCCGTAGCTCTCA,tRNA
1166,RF00005_AB108839_1_473-403,CAAAGAATAGTTTAATGTTAAAATTCTGGCTTTGGGGGCCGGAGATGGAAGTTAAAGTCTTCCTTCTTTGA,tRNA
1167,RF00005_CP000930_2_1764566-1764638,GACGGCATCGTCGAGTGGTAAGGCAAAGGTCTGCAAAGCCTTTATTCCCCGGTTCGAGTCCCGGGTGCCGTCT,tRNA
1168,RF00005_AGTN01112359_1_2061-2133,AGCCGCATAGCTTAAGCAGTGAAGCGCTCGCCTGATAAGCGGGAGAGTGTAGGTGCAATTCCTACTGCGGCGA,tRNA
1169,RF00005_AEIJ01000639_1_16969-17040,CGGAAAGAAGCCTAATGGTCGGGCGCTTTATTTGGGTTAAAGAACGTCCAGGTTCGATTCCTGGCTTTCCGA,tRNA
1170,RF00005_JF729928_1_78-151,GCAACAGTAGCTTAACGTCCAAAAGCACCGGTCTTGTAAACCGGCAGATGGAGGTTCAACCCCCCCCTCTTGCT,tRNA
1171,RF00005_FN562581_1_5647-5717,AGTAAGGTGACTGAGAGAATAAGTAATAGATTGTAAATCTACAAACGAAGGTTGAATTCCTTCTCTTACTA,tRNA
1172,RF00005_AACY023726942_1_1483-1410,GGCCCCATAGTGTAGCCTGGATATCACAGTGGCTTGCGGAGCCACGAACCCGTGTTCGAATCGCGGTGGGGCCG,tRNA
1173,RF00005_AGJN01000073_1_14199-14126,GCCCACGTAGCCCAACTGGAAGAGGCATCCGGTTCAGAGCCGGAATGTTGGGGGTTCGATTCCCTCCGTGGGTA,tRNA
1174,RF00005_AEEW01021093_1_1183-1268,GTCCTAATAGCTCAGTTGGGAGAGCGTCAGACTGAAGTCACCAGACGTCCATCTGAAGGTCCAGTGTTCAAGCCACTGTTGGGACA,tRNA
1175,RF00005_AAJN01000083_1_65864-65718,GGACTGGTAGCTCAGTGGTCAGAGCGAGCGGTGTCGGCAATCAGTGCTCTCTTGGTCGGGGCTAGTCCCTGCTCGGAGGACCGCCTCCGAACGCAGAGCCTGCTTTCCGGCGCCGCTAGGGCGTGGGTTCGAATCCCACTCAGTCCA,tRNA
1176,RF00005_AACY021211308_1_360-289,GGGCTGTTAGTGATAATGGGAGCACATCTGCCTTGCACGCAGAAGGCTGGAGTTCGATTCTCCAACGGTCCA,tRNA
1177,RF00005_EU237477_1_4618-4699,GGAAAGGTGGCAGAGTGGTTAATGCAGTTGTCTTGAAAATAGCCGTTTTTTGAACTCGTGGGTTCGAATCCCACTCNTTTCG,tRNA
1178,RF00005_AY571339_1_9623-9695,GCCTTTCTAGTATTAACATTCAGTACAAATGACTTCCAATCATTTAGCCTTGGTTAAAATCCAAGGAAAGGTA,tRNA
1179,RF00005_ACJI01000469_1_1668-1570,GCTCGCTTAGCTCAGTTGGTCAGAGTATCGGTCTAGGATCAGAAATCTGGTCCGCCGCGTATGTGCCGACGGTCGCGGGTTCGAGCCCCGCAGTGAGCA,tRNA
1180,RF00005_AP004438_1_15581-15654,GCCGCGGTAGCTCAGTGCCTCAGAGCGTCGGTCTTGTAAGCCGAATGTCGGAGGCCAAACTCCTCCCCGCAGCT,tRNA
1181,RF00005_AGBJ01005362_1_369-452,GCCGAGGTGGAGGAATAGGAAGACTCGCATCCTTGAGGTGGATGTGCCATAAATGGTGTGCGGGTTCGAGTCCCGCCCTCGGCA,tRNA
1182,RF00005_AB325880_1_8331-8401,AGAAATTTAGGTTAATGCAAGACCAAAGGCCTTCAAAGCCCTAAGCAGTGGTTAAACCCCACTAATTTCTG,tRNA
1183,RF00005_ADMJ01000222_1_74417-74307,GGCGAGATGGCCGAGCGGTCTAAGGCGCTAGAATCAGGAGAGTGGGTTTCGAACCCACGCTTCAGGGTAATCTAGTTCTTCGGAGCGTGGGTTCGAATCCCACTCTCGTCA,tRNA
1184,RF00005_FJ822135_1_25690-25604,AGTCCTGTAGCACTATGGCAGTGCACCGGGTTTATAACCCGTACTCCTGATAAGAGGGTTAAGTGGGTCCGATTCCCACCGGGACTA,tRNA
1185,RF00005_CAAC02000605_1_673693-673621,GCCTTGATTGCTCAGTTAGGATAGCATTAGACTGAAGATTTAAAGGTCACCAGTTCGATCCTGGTTCAGGGCT,tRNA
1186,RF00005_AACY022529826_1_368-287,GCTCGTGTGCTGGAATTGGTATACAGGGAGGTCTCAAAAACCTCTGTCTTCGGACATGTCGGTTCGACCCCGACCACGAGTA,tRNA
1187,RF00005_ABMP01064943_1_12-83,ATGTCGGTGGTGTAACGGTAGCATATGCGTCTCCAAAGCGTTAAGGTCAGGGTTCAAATCCTTGCCGACATG,tRNA
1188,RF00005_ABSI01000010_1_851364-851292,GCCCTGATCGTCTAATCGATTAGGACGCCACCCTTTCAAGGTGGAGACGCGGGATCGTTGCCCGCTCAGGGTA,tRNA
1189,RF00005_AACY022578424_1_324-243,GCTATCTTTCCCGAGCGGTCAAAGGGGGTGATTTCAAGTGTCATTGGCTATGCCTTCGCAGGTTCGAATCCTGCAGATAGCA,tRNA
1190,RF00005_ADAS01001677_1_20306-20179,GACAACGTGGCCGAGCGGTTAAGGCGATTGACTAGAATACAGATGATTTCCAAGGCTGCTGTCTCCGGACAGTAATGTCTACCATCAATTGGGATTATCCCGCGTAGGTTCAAATCCTGCCGTTGTCG,tRNA
1191,RF00005_ABEA02000009_1_22893-22822,TGCGGTGTCGTTTAACCAGCAGGACAGCGGGCTTTGAACCCGTGAATGGAGGTGCGAATCCTCCCGCCGCAG,tRNA
1192,RF00005_ABDF02000087_1_653650-653760,GGCTTCATGGTCTAGTGGTATGATTCCTGCTTCGGGAAAACAAACCTGGAGTCCCCGGTTCTCTAGAATCGCCTTTGCAGGAGGCCCCGGGTTCGAATCCCGGTGAAGCCC,tRNA
1193,RF00005_AE009439_1_1552920-1552833,GCCGGGGCGGCCGAGCCCGGTCCAAGGCGCGGGATTGGAGATCCCGTGGCCCGTATGGGCCGCCCGGGTTCAAATCCCGGCCCCGGCG,tRNA
1194,RF00005_ABPY01006071_1_610-540,GCGTCCAAGATGTTGTGGTGGCATGTCTCATTGCCTATGAGAACGCGAGGGTTCGATTCCCTCTGGACGCT,tRNA
1195,RF00005_AACY023224158_1_99-25,TGGGATGAGGTCTGATTTGGTACAGACGCCGGGTTGTTACCCCGGAGATTGTTGGTTCGAGTCCAGCCGTCCCAG,tRNA
1196,RF00005_CP002665_1_2434116-2434034,GCGGGAGTGGTGAAACGGCAGCCACGCCAGGTTTAGGTCCTGGTGCCCTCACGGGCGTGCGGGTTCGACTCCCGTCTCCCGCA,tRNA
1197,RF00005_ABOF01080299_1_28-101,AGCGGGGTAGAGCAACCAGATAGCTCGTCAGGCTCATATCCTGGAGGTTGTCGGTTTGAATCCGACCCCCGCAA,tRNA
1198,RF00005_AENI01002443_1_21966-22051,TCCGTTGTAGTCTAGCTGGTCAGGATACTCGGCTCTCACCCGAGAGACCCGGGTTCGAGACCCGGGTTCGAGTCCCGGCAACAGAG,tRNA
1199,RF00005_AP009197_1_17299-17371,AGAGACTTAGGTTAACCGCCTAAACCCTAAGCCTTCAAAGCTTTTAATGGGGGTTAAAATCCCTCAGTCCCTG,tRNA
1200,RF00005_ABNI01009926_1_110-37,GGTCTTGTAGCCAAGTGGTTAGGCGGAGTTCTGCAAAAAACTTCATAACAGCGGTTCGAATCCGTTCAAGACCT,tRNA
1201,RF00005_AFIQ01000118_1_2622-2530,CTCTCAATAGCTCAGCTGGAAGAGCGCCAGACTGTAACGGTACACCCCCCAAATGTCATCTGGATGTCCGCGGTTCGATCCCGCGTTGGGAGA,tRNA
1202,RF00005_AACY022603302_1_313-395,ACCCAAGTGCTGGAATTGGTAGACGGGCTACGTTGAGGTCGTAGTGCACTTTGTGCGTGTGGGTTCGAGTCCCACCTTGGGTA,tRNA
1203,RF00005_ACQM01120733_1_2060-2126,GCTTGTACGATAATGGTAATCGATCTAACTCATAATTAGAACTGCGTGGGTTCGAATCCCACCTAGC,tRNA
1204,RF00005_ADUW01000018_1_709403-709520,GGGCGTGTAGCTCATTTGGTAGAGCGCTCGCTTAGCATCTGTGGGTACTCCCTATCTGGGGAGTTCCGCTCCTACAATGGTTTGCGAGAGGTACTGGGTTCGATTCCCAGCTCGTCCA,tRNA
1205,RF00005_U11880_1_3936-4009,ATTTGGATGGCAGAGTTCAGTAATTGCACAAGGTTTAAGCCCTTATACCAGAGGTGCAAATCCTCTTCCAAATA,tRNA
1206,RF00005_AEUG01000040_1_18865-18982,GCTCCCTTAGCTCAGTTGGTTTAGAGCATGGTGCTTATAAGTTGTGGACCAACTACCTCAAAGTAGGCTTCAAAGCTGAGTTACGCCAGGGTCGTGGGTTCAACCCCCACAGGGAGCA,tRNA
1207,RF00005_AP009496_1_7941-7871,AAGAAAGTGGCAGAGTGGCCATGCAGATGGCTTGAAACCATCTCACGGGGGTTCGATTCCTCCCTCTCTCG,tRNA
1208,RF00005_ACBZ01000101_1_13945-14027,CGAGACGTAGCTAAATTGGCAGAGCACTGAAAGCCGGATACAACTATGTACAGAAGACGGCGGTTCGAATCCGCCCGTCTCGA,tRNA
1209,RF00005_ACLG01000990_1_2193-2122,ACCCCCGATGCTCTTAGAAAGAGCAACGGCCTTCTAAGCCGTAGGCCAGAGGTTCGAATCCTCTTGGGCGTA,tRNA
1210,RF00005_ABOE01007199_1_1-74,CGGTGTAGGGAAGTCTGGTTGTTCCCGTCAGAGTCATAATCTGGAAATCGTTGGTTCAAATCCAACCACCGCTA,tRNA
1211,RF00005_AGJN01000073_1_15472-15399,GCCGCTCTAGCCCAACGGGCAGAGGCACCGCGCCGAGATCGCGGCCAGTGGAGGTTCGACTCCTCCGAGCGGCA,tRNA
1212,RF00005_AEII01000085_1_11937-11815,GAGGGACTGGCAGAAGGGTAATGCGTAGCTCTCCTATGATTGGACAATGGTTTTCCCCTTGTCAAAGAGGAAGTCCGGGACCAAGCTAAGCTAAGATTGTGGGTTCGAGTCCCACGTTCCTCG,tRNA
1213,RF00005_ADAS01000334_1_13106-13010,GGCCCTTTGGCCAAGTGGTAAGGTGTTCTCCTCCGGTTAGCTCGATGGGCAACCTGGAATCAGAGAAAGATCGCAGGTTCAATCCCTGCAAGGGTCG,tRNA
1214,RF00005_JN699013_1_94820-94892,TGGGGTGAAGCCGATCTGGAAGGCAGCGGTCTCCAAAGCCGTCTCATAGCGGGTTCGAATCCCGTCACCCCTG,tRNA
1215,RF00005_M21402_1_469-550,GGGCTATTAGCTCAGTGGTAGAGCGCGCCCCTGATAATTGCGTTCACGGGCGAGGTCTCTGGTTCAAGTCCAAGATGGCCCA,tRNA
1216,RF00005_AACT01016330_1_1762-1691,ACTTCTGTAGCTCAGTGGATAGAGCATGAGGGTGGTAATCTCAAGTCTTGAGTTCGAATCTCATCAGAGGCC,tRNA
1217,RF00005_DQ643966_1_1235-1305,GGTAGAGAGGACAAAGGGTAAGTCGTCAGGCTCATCACCTGAAGAAACGGGTTCGACTCCCGTCTCTACGA,tRNA
1218,RF00005_CU640366_1_1630859-1630751,GTCGCTTTGGCGGAGTGGTTAACGCGCGCCCCTGCTAAGTATGGATTCTATCCACACAGTTGCATAGGGCGTTCCCTCGGGAGCGTAGGTTCGAATCCTGCAGGCGACG,tRNA
1219,RF00005_ADBI01000071_1_7939-7829,GGCTAGGTGGCCGAGTGGTTAAGGCGTATGTTTCAAGAGAGATTCTTCTCTTCCCCACCAGGGAAAACACATATCTCGAAAGAGTCATCAGTTCGAATCTGGTCCTAGTCA,tRNA
1220,RF00005_BABT02000243_1_40665-40561,GCATGTATGGCCGAGCGGTTATGGCGCTGTGTTCAGGCTCTTCCATTAAATGGAAGAGGAAGTTCGCAGTTCTCCGGAACGTGGGTTCGAATCCCACTGCATGTA,tRNA
1221,RF00005_ADNI01000094_1_49682-49766,GGTTGAGTAGTGTAGTGGTCAACATGGTGGCTTCACATAATCAGTGAATGCGCTACAGCCCCGGGTTCGATTCCCGGCTCGACTA,tRNA
1222,RF00005_AACY023782206_1_721-638,GGCCCTGTGGCCCAATGGATAAGGCATGGATAAGGCATCGGCCTACGGAGCCGGGGATTGCAGGTTCGAGTCCTGCCGGGGTCA,tRNA
1223,RF00005_AACT01038473_1_5636-5565,GATCCCGTGGGGGTACGGTTATCACTCTGGACTCTGAATCCAGCAATCCGAGTTCAAATCTCGGCGGGTTCC,tRNA
1224,RF00005_ADDG01057184_1_1271-1187,TCCGGCATGGTCTAGTGGTTATGATACGTGGCTAGGATACGTTGCTCTTACCCACGAGGCCCGGGTTCGATTCCTGGTGTCGGAA,tRNA
1225,RF00005_X12547_1_343-272,CTCGGGGTAGTGTAAAGGTTCGCATACAGGGCTCATAACCCTATGGTCTTGGTTCGATTCCAGGCCCCGACA,tRNA
1226,RF00005_AACY022625970_1_206-277,GGGGGATTGGCTCAATAGTAGAGTACTCGATTGACATTCGAGGGGTAGTTGGAGCGTAACCAACATTCCCCA,tRNA
1227,RF00005_ABIB01000001_1_509400-509472,GTGATAGTAGCTCAACTGGAAGAGCACTTGCCCGACACGCAAGGGGTTTTGAGTTCAAATCTCAAGTATCATA,tRNA
1228,RF00005_ABSN01029861_1_731-801,GCGGATTGAGTGGAAATGGTATCCCGTTACCCTCATAAGGTAAAGTTATTGGTTCAATTCCAATATCCGCA,tRNA
1229,RF00005_D85285_1_459-527,GTAAATATAGTTTAACTAAAACATTAGATTGTGAATCTAACTACAGAGGCTTACCACCTCTTATTTACC,tRNA
1230,RF00005_HQ290952_1_2593-2665,GCTAATGTAGCATAGTATGGCCTTGCAAGAGACCTAAACCCTTTTTACAGAAGTTCAAATCTTCTCATTAGCT,tRNA
1231,RF00005_CAAK05012727_1_3870-3967,GCATTGGTGGTTCAGTGGTAGAATTCTCGCCTCCCACGAGGTTTTGTGTTGCCTCGCCTGCCACGTGGGTGACCCGGGTCCGATTCCCGGCCAATGCA,tRNA
1232,RF00005_CP000780_1_1864766-1864637,GCTGCGGTGGCCTAGCTGGTTAGGGCGCCAGACTCATAGGGTTTTATTGGAGCGCAAAAACAATCCGGTTTTTGCGCGATAAGATACCTGGGACATCTGGAGATCGTGGGATCGTAACCCACTCGCAGCA,tRNA
1233,RF00005_AEBY01000009_1_1612-1684,TGGCGTGTAGCATTGTGGTAATGCAACTTACTTCGTGTGAGATAAGATGCGGGTTCGAATCCTGTCACGCCAA,tRNA
1234,RF00005_AACU03000161_1_251352-251455,GGGGATGTGGTTTAGTGGTATAATGCTTCCTTAGCAGCATCAGCGACTCGAGCTGATGTTCGCATTCATGGAAGAGGTCCCGAGTTCGATTCTTGGCGTCTCCA,tRNA
1235,RF00005_DQ517803_2_1044-1114,GGATATGTGCCCGAAAGATAGGGACCACTTTGATAGAGTGGCTAATAGAGGTTCAAACCCTCTCACATCCC,tRNA
1236,RF00005_HM536701_1_687-755,GTAAGTATAGTTTAACAAAAACACCAGTCTGTGGTTCTGGTGACAGGGGTTAGAATCCTCTTACTCACC,tRNA
1237,RF00005_CP001226_1_105249-105319,CGGAGCATGTTGTAGTGGTAGCATCTTTGGTTTGGGGCCAAAGCGCGAGAGTTCAAGTCCCTCTGCTCCGA,tRNA
1238,RF00005_AFEJ01000354_1_19710-19640,GCGAGTGTGATGTAGAAGTAGCATCTGGCGGTGCCAACGCCAGCGCGTGAGTGCGAATCTCACCACTCGCT,tRNA
1239,RF00005_AEIJ01000261_1_140381-140277,GCCTGCTTGGTCTAGTTGGTTATGACGCTAGTCTCATAGTATTAAGCTGTGACTCCCGGTTGGGGGGAAATCTGGAGGTCGAGAGTTCGATCCTCTCAGCGGGCA,tRNA
1240,RF00005_AP004409_1_15799-15872,GCCCTAGTAGCTCAGCGACCCAGAGCATCGATCTTGTAAATCGAAGGCCGGAGAATCAGTACCTCCCTAGAGCA,tRNA
1241,RF00005_CP002214_1_397980-397897,GGGGAAACGCCGAAGTTGGAGAGTCGGGGCAGACTGTAAATCTGTTGTCGTAAGGCTGAGCGGGTTCAATTCCCTCTTTCCCCA,tRNA
1242,RF00005_HE601627_1_4430261-4430333,AGTCAAGTAGTATGGTGGTCATCACGTTCGCCTCACACGCGAAAGGTCCCCGGTTCGAACCCGGGCTGGACCA,tRNA
1243,RF00005_AACY020033280_1_151-38,GTAGGGTTAGCCAAGTGGTACGGCGCCATACCTTTTAAGGATTGAAAAGCAATGCTAGCTGCGTAAAGTAAATCTTAGGTATGGAAATCAGGGGTTCGATTCCCCTACCCTTCA,tRNA
1244,RF00005_FN562581_1_5626-5557,AGAGGCCTAGTTAAAGTTATAACTTTGGGTTGTCAGGCCAAAATTGCTGGTTAAAGCCCAGCGGCTTCTG,tRNA
1245,RF00005_AFRX01000388_1_22093-21961,GCCCGGTTAGCTTAGTGGTAGAGCGTTGCACTTGGTACGTCGCATGTCGATTCCACAAACCCCGACCCACTGCTAACCCAACCTAGTAATTCAAGCCATGCAAAGGTCATTCGTTCGACTCGGATACGGGGCA,tRNA
1246,RF00005_EU443185_1_1199-1131,AAGACTTTATCTTAATAAAAGAATTTGAGTTGCATTCATAATATGTGGGTTAGAATCCTACAGGTCTTA,tRNA
1247,RF00005_ACYC01001410_1_759-688,TATCTCGTAGAGTAATGGGTAACTCATAGATTTTGGTATCTAACATTGGGTGTTCGAATCGCCTCGAGATAA,tRNA
1248,RF00005_AEYA01002426_1_19830-19905,GGAATGGTGGTGCAGTTGGCAGCACCCCCGTCTGTCCGTCAAGCGGGTGACCTGAGTTCGATTCTTAGTCATTCCT,tRNA
1249,RF00005_AACY023317643_1_458-282,GCCCCTATTGTCTAGAGGTTTAGGATACCGCCCTCTCGACTGCCGAGTGGTTAATTCGATTATAGATGATACCCTCAGCCCATCTCTTGGGCAGGCACTTTTATTATTAAAGTGCCTTCACGGATTGTGAAGGCATGGAGAACGGCGGAGGCCCGGGTTCGATTCCCGGTAGGGGCA,tRNA
1250,RF00005_AEWW01006387_1_8403-8333,CCGCCGTTAGCTTATTGGAAAGAGCGCTGGCTCTAATGCCAGAGGACGGGGTTAAATTCCTTGACGGCGGA,tRNA
1251,RF00005_CP001287_1_4095869-4095743,GACAGGGTAGCCAAGCTGGTAAGGCAGTAGAGTGAATATCCTTATTCATTGACTTGCCCAATTAGGCCGAAGAATGAGGGTTATCGTAGGGTTCTATGATTCGTGGGTTCAACTCCTACCCCTGTCT,tRNA
1252,RF00005_ABMF01028510_1_77-5,TCCGGTGTCGTATAATGGCATTACCTCGGTCTCCAAAAACCGATGATGGGGGGTTCGATTCCCTCCACCGGGG,tRNA
1253,RF00005_AACY023304802_1_263-190,AGTGCTACAGCATATTGGTGTATGACGCCACCCTGTCACGGTGGAGATTGCGGGTTCGAGTCCCGTTAGTACTG,tRNA
1254,RF00005_ABGO01000357_1_39-127,GGACGGGAGCCGGATACGGCTTGGCCGGGCCGCTCTGCTAAAGCGGTTGCCCTTAAACGGGTATGTGGGTTCGAATCCCACCCCCTCCG,tRNA
1255,RF00005_AAFU01000789_1_69483-69604,GGTCCGCTGGCTCAATGGCAGAGCGTCTGACTACGATTGTACGACTCACTCCTCCTCTGGGATATCGAGGGAGATCTGATCAAGTTATCAGGAGGTTCCAGGTTCGACCCCTGGGTGGATCG,tRNA
1256,RF00005_ABOF01054979_1_105-32,CCGAATTAGCTCAACTGGTAGAGCGCCTGATTCGTTAATTTTGGTGGTTGCAGGTTCGAGCCCTGCATTCGGCT,tRNA
1257,RF00005_AAVX01029811_1_1263-1335,GGCGCAGAAGCTTAGGGGCTAAAGCGCCCGTCTCGTAAACAGTAGATATTGGGTTCAAATCCCAGCGGTGCCT,tRNA
1258,RF00005_ABRN01287513_1_7379-7307,CCCTTGGCAGTCCAGTGGTGAGGACTTGGCACTTTTACTGCCATGGCCCTGGGTTCAAACCCTGGTCAGGGAG,tRNA
1259,RF00005_AAWU01015310_1_35858-35930,CGGCCCGTGGCTTAATGGCTACAGCTCCCGCCTAATAAGCGGAAGGTTCCGGGTTCGATTCCCGGCCGGTCTC,tRNA
1260,RF00005_FQ311470_1_562312-562214,AGGTCAGTGACAGAGTGGCCGATTGTTTGAGGTTTAAGATACAGAGCGCTTTCCCTCACTCTCGAAAGAGACGCGCGGGTTCGAATCCCGTCTGACCTA,tRNA
1261,RF00005_AAGT01000391_1_28410-28497,GGGTGATTGGCGCAATGGTAGCGTGTGGACCTCCTATTATAGGAAGCTTTCCAGTCTAAGGTTGAGGGTTCGAGTCCCTTGTCGCTCG,tRNA
1262,RF00005_AM404181_1_6028-6097,AAAAATATAGTTTATTATAAAACTTCCGTTTTCGGCTCGGGCGATTTTGGTTAAATTCCAAATGTTTTTT,tRNA
1263,RF00005_ABMG01076503_1_5-77,GTGCCTGTAGCTTAATTGGGAAAGCAACACTAGTATTGGTGAATAGTCATTGGTTCAACTCCAGTCAGGCACA,tRNA
1264,RF00005_AAFX01023586_1_997-1067,TGGGGGAATGTTAAACGGTAGAACTCTCGGCTCTGGAACGTGCAATCCTGGTTCAAATCCGGGTCCCCCAG,tRNA
1265,RF00005_FJ456947_1_11415-11482,AGTTAAGAAGCTTAAGAAAGCAGGAACTTTGAAAGTTCCAGAAAGAGGTTTAATTCCTCTATTAACTT,tRNA
1266,RF00005_AACY023846528_1_405-476,GCTCTGTAAGCATAGACAGCGATGCGCTGGCTTTGTAATCCAGATAGGTCGGTGCAAGTCCGGCACAGAGCT,tRNA
1267,RF00005_BACD01007766_1_92-164,GGATTAGTAGCAAAATTGGTTACTGCATACTGTTTGGGTCAGTAAGGTTGTGAGTTCAAATCTCATCTGTCCG,tRNA
1268,RF00005_X55026_1_17598-17685,AGGAGAGTCCCGTTTGTTGGTATGACGGGTTAAGCTGTAAACTTAATGACTAATAAAGTCATCGAAGGTTCAATTCCTTTCTTTCCTA,tRNA
1269,RF00005_AGTP01008199_1_19177-19107,TGGGGTGGAGCTCAGTGGTAGAGCCCTTGCCTAGCACGCAAGAGACCCTGGGTGTAATCCTGGCCCCCCAA,tRNA
1270,RF00005_ACER01000596_1_27178-27240,GGGGCGGTGGTGTAATGGTAACATCCAAAGCTGTGGCCGGGGGTTCGATTCCCCCTCGCCCCC,tRNA
1271,RF00005_HM641837_1_6162-6089,TAGGTTGAAGTCCGATTGGTTTGGACGGCTAGCTGTTAATTAGTTTTTTGTGGGATCGAGGCCCACCAACTTAG,tRNA
1272,RF00005_AEWW01003942_1_26-123,GTCACTTTGCCGGAGTGGTTAACGGGATCGCCTGCTACTTTAATCAAGTTGTGAGCGGTTGGTCTTTGACCGCGAGTGTTCGAATCGCTCAGGTGACG,tRNA
1273,RF00005_GU244497_1_509266-509333,GGTCCTATTAATGGTTTAAACTTTACTCTTATAAGGTAAATGAGAGGGTTCGATTCCCTCTAGGACTA,tRNA
1274,RF00005_ABJB010829566_1_104-213,GCACCTGTTGTGTAGTGGTCATCACATCCGCTTTACACGCCCAGGTTCGATCCCTGTAGTGGTCATCACATCCGCTTTACACGTCCCAGGTTCGATCCCTGGCAGGTGCA,tRNA
1275,RF00005_CACQ01005629_1_1474-1566,GCCCTGATGGTCTAGCGGTATGATTCTCCCTTAGGGTTGCGAATAGCATCACTACAATGGGAGAGGTCCCAGGTTCGATCCCTGGTTAGGGCC,tRNA
1276,RF00005_AFRF01001121_1_3248-3330,GTCTAAATGGTGAAATAGGCAAACATAACAAACTTAAGCTTTATAGACTTCTAGTCTTGAAGGTTTAAGTCCTTCTTTGGATA,tRNA
1277,RF00005_CP002033_1_1560833-1560741,GGAGGATTAGBCCCAGTTGGGAGAGGGACCAGCATTGGAAATGCTGTATACGGGTTAAAGCCTGTATCAAGGGTTCGAATCCCTTACTCTCCG,tRNA
1278,RF00005_ADBL01000114_1_6104-6200,GGTCCGGTGGTGTAGTGGAATATCACATCGTTCTTATATTGGAGTGCTTTCAGCTCCAGATATGCGAGGGTCCTGGGTTCGAACCCCAGTCGGACCA,tRNA
1279,RF00005_DQ088274_1_29860-29929,GGCGGGGTAGTTTAATAAGAACAGTGGGCTTATGACCCAAAAGTGGGGATATAGATTTCCCCTCTCGCTT,tRNA
1280,RF00005_ABPE01004115_1_22094-22166,GATTGTGTGGTCTAGTGGTATGGTATTCTGACTTTATTGGCAGAAGGCGTAGGTTCGAATCCTACCCCAGTCA,tRNA
1281,RF00005_AACY022545558_1_797-726,ATCTAGTAAGCTTTATGGTGAAGCATCTGCCTTTACGGGCCGAAGAAGTGAGTTCGATCCTCACATTAGATA,tRNA
1282,RF00005_AAMC01061151_1_5032-4950,ACCAGGATGACCAATAGTTAAGGTGTTGGAATTAAGATCCAATGGATATATACCCACGTGGGTTCAAACCCCCACTCTTGTTT,tRNA
1283,RF00005_AALT01338704_1_1127-1201,GGGCATATAGCACAGCGGGTGGGTAGGGCATCTGCCTTGCATGCAGACAACCTAGGTTCCATCCCTAGTATCCCA,tRNA
1284,RF00005_AAGJ04123858_1_362-290,GTCTCCATGGTCTAGTGGTTAAGGCATTTGGCGTACTCACCCAAAGACCCTGGTTCAATACCAGATGGAGACA,tRNA
1285,RF00005_ABMJ01127249_1_19-91,GAGGGTCAGTTGTAAGTGGCTGCATGCCGGCCTCCAAAGCCGTGCGGAGTAGGTTCGAGTCCTACGACCCTTG,tRNA
1286,RF00005_ABMF01083096_1_110-37,TGGCGGAATGGCAGACGCAGCAAGCTTAAACCTTGTGGTCGAAAGACGTGAGAGTTCGAATCTCTCTACCGCTA,tRNA
1287,RF00005_AACY020176771_1_1766-1838,GGGGTGTTTCGATAATGGAAATCGGCCACATTTGGGTTGTGGAAATAATGCAGGTTCGAGTCCTGTCACCCCG,tRNA
1288,RF00005_AEUI01072478_1_437-509,TACTCATTGGCTCATAGGCAAAGCGTCTGTCTCGTAAACTGAAAGGACGTTGGTTCGAATCCATCATGAGGTA,tRNA
1289,RF00005_AAQR03099011_1_2990-3063,GGCTCCCTGGCTCAGTGGTTAGAGCACTGGTCTTATAAACCATGGGTCACGAGTTCAATGCTCCCTGGGACCTC,tRNA
1290,RF00005_EU082205_1_5167-5239,GGTTCTTTAGGTTAACACAGTAGACCGTGAGCTTCCCAAGCTTAACGTGAGGGTGCAAACCCCTCAGGCCCTA,tRNA
1291,RF00005_AFSB01176076_1_18557-18486,GTGTATGTAGTTCAGTAGTAGAACGCATACATGGTATGCATGAGGTCCGGGGTTCAATCCCCAGCATAACCA,tRNA
1292,RF00005_ABAS01000024_1_137323-137481,GGTAAGATGGCCGAGTGGTTAAGGTAAGTCGTGTTTGCACTACTTATTTACACAGTTCTAGTGCTAACATTGGCCAATTAGGCGGCAGATTTAAGGAGGCAATTTTTGCCAAATTCCCTGCTGACGAGAGTCACCTGGGTTCGAACCCCAGTCTTACCA,tRNA
1293,RF00005_AFSB01088802_1_20321-20250,GCTTAAGTAGCTCAGTGGTAGAGCATTTGCCTGACACACAAGTAGCCTTGGGTTCAATTCCAAACCACTGCA,tRNA
1294,RF00005_ACBE01166467_1_1241-1324,GCCTGGGTGGCTCAGTAGGGTGAGTGTCTGACTTCAGCTCAGATCGTATCTCGCGATTCATGAGTTTGAGTCCCATCTCAAGTT,tRNA
1295,RF00005_ABRO01090351_1_4442-4514,GGGGTTATAGCTCCAATGGTAGAGCACTGGCCTAACAAGCATGAGGCCCTGAATTCAAATCCCAGTATCTCCA,tRNA
1296,RF00005_AGTN01645921_1_88-20,GCGGAGGTCGTCTAACGGAAGGACGCGGCGTTCATATCGCCGATACGTGGTTCGATTCCAACGTCCGCA,tRNA
1297,RF00005_AEYP01029067_1_17128-17056,GCCTGACTGGCTCAGTGAGAAGAGCGTGTGACTATTAATCTCAGAGTCATGGGTATAAGTTCCATGTTGGGTG,tRNA
1298,RF00005_ADDG01067921_1_209-281,ATCCATGTAGCTCAGTAGGTGTAGCGTTAGGCTTTTAACCTAACGGTCCAGCGTTAGAGCCCCTGCGTGAACG,tRNA
1299,RF00005_ABRO01311256_1_3014-2941,GCCGAGATCGTATAGTGGTGAGTACTCTGCGTTGTGCACGCATTGCAGTCTCGGTTCGAACCCGAGTCCCAGCA,tRNA
1300,RF00005_EU155939_1_1519-1587,GGGCTCATCGCTCAATGGAAGAGCACCCGTCAGAAGGCGGGGATAAGGGTTCGAATCCTTTTGGGTCTT,tRNA
1301,RF00005_ACBE01381553_1_84-12,ACCTGGCTGGCTTAGTTGGTAGAGCATGAGACTTTTGATCTCAGGGTTGTAGTTTTGAGCCCCACACTAGGTG,tRNA
1302,RF00005_ACOD01000254_1_69631-69541,GGCCGGTTGGCCCAATGGCAAGGCGTCTGACTACGACTAAAAAATCAAAGTCTCAATCAGGAGATTCTGGGTTCGACCCCCAGGCTGGTCA,tRNA
1303,RF00005_FJ769841_1_1-74,GTCCCTGTAGCTTATAAGCTAAAGCATGGCACTGAAGATGCCAAGATGGTTGCTCACACAAACACCCGGGGACA,tRNA
1304,RF00005_BACK01004738_1_43188-43116,GGCCCGGTAGCTCAGTTGGTAGAGCAACAATGATCTTTTCCTGAGTTTGTGGGTTCAGTTCCCACCCTGGTCA,tRNA
1305,RF00005_AAGU03050483_1_12774-12844,GCATTAGTAGTTAAGTGGTAGAATTCTCGCACTCCATGCGAGAGACCGGGGTTCAGTTCCCAGCTAGCGCA,tRNA
1306,RF00005_AFTD01032971_1_12800-12871,GGAGGTGTGGCTAAGTGGTAGAGCACTTGTCTGATGGACATGAGGCCCTGGACAAAATTCCCAGCATCTCAA,tRNA
1307,RF00005_AFSB01038053_1_2077-2148,TGAGATGAAGCTCAGTCATAGAGCCCTTGCCTAGTATGCAAGAGGCCCTGGGTTCAATTGCCAGTGTCACAT,tRNA
1308,RF00005_ADAS01001203_1_3413-3341,GCGTCTGTAGCCTAGTTGGTAAAAGCAGCACTCTAGTATGTTTCTTGTGTGAGTTTGACTCTCACCAGACACA,tRNA
1309,RF00005_AAQQ01112973_1_75-3,GGGGATGTAGCTCAGTAGTAGAGCACTTTGCACTAGATTATTCATGGCCTGGGATCAATTCCCAGTAGCCCCT,tRNA
1310,RF00005_AJ132137_1_5783-5849,ATAAAAGTGGCAGATTAGTGCGTTAGATTTAGGATCTAAATATGTAGATAATGTTCTTCCTTTTATA,tRNA
1311,RF00005_ABRR01453148_1_1862-1791,GAGGGCATAGCTCAGTGGCAGAGTGCATGGCTAGCATGCATGAGGTCCCAGGTTCAGCCTCTGGTACCCCCA,tRNA
1312,RF00005_BABD01019034_1_561-633,GGCTCCATGGTCAAGCGGTTAAGAGATCGCCCTTTCACGGTGCGTGACACGGGTTCGATTCCCGTGGGAGTCC,tRNA
1313,RF00005_AFYH01291141_1_333-427,GACTCTGTGGTGCAAAAGATAGCACAGTGGACTTCTAGTAAGACGTGTTCTCTCTGGAGATTCAAAGGTTGTGGGTTCAAGTCCCACCATAGGCT,tRNA
1314,RF00005_AY954508_1_145-76,AAGGCCTTAGCTTAAAGTAAAGCGTCTGAGTTGCAATTGGAAGATGTTGGATAAAATTTAGCAGGTCTTA,tRNA
1315,RF00005_ABRO01284394_1_1013-940,GACAGTGTGGCTCTAGTGGTAAGAGTGTCTGCCTACTGAGTATGAGGCTCTGAGTTCAAATCTCAGCACCCTCT,tRNA
1316,RF00005_ABKE01007148_1_335-407,TCCCTGATGGTCTAGTGGTGAAGGAGTCCGTCTTGGAGACGGAGGGTAGTGGGTTCGAGTCCCACTCCGTGCA,tRNA
1317,RF00005_AM452653_2_1900-1972,AGAAATGTAGCTCAATTGGTTAGAGCCTTGAAATTTAAGCTTGAGGGGAGGGGTTCGAATCCCCTCTCTTCCT,tRNA
1318,RF00005_FJ455505_1_13522-13456,ACTTAGATAGTTTAATATTAAAACGTTAGCTTGTGGCGCTTAAGATGTATAAGTTATACTTTAAGTA,tRNA
1319,RF00005_ABRQ01664947_1_200-130,ACAGTTGGGGTTCAGTGGTAGAATTCTTCTCTTCTATTGAGGAGACCCAAGTTTGAATCTTGGCTAATTTG,tRNA
1320,RF00005_AAPN01075199_1_27804-27876,GGCAGCGTTGCCTAGTGGTTAGAGCACGGGCCTGAGCGTCCGAAGCACCCAGGTTCTAATCCTGGCCCCGCCA,tRNA
1321,RF00005_ACUP01004553_1_43756-43829,GGTTTATTAGCTCAATTGATTAAAGCATTGTACTGGTAATGTAAAAGTCACATGTTTAATTCCTCTATGGACCA,tRNA
1322,RF00005_ABRT010534649_1_845-915,AAGGACTTAGCTAAAAGTAAAAGTGACTGATTTGCATTTAGTTGATGTGGAGTAGGCCTCTGCAGTCCTTA,tRNA
1323,RF00005_ACIV011611644_1_421-494,TCCCTGGTGGTCTAGGAGGTTAAGACTCTGCACTTTCACTGCACGGGATGTGGGTTCAAATCCTGGTTGGGGAA,tRNA
1324,RF00005_DAAA02071527_1_63539-63610,TCCCTGATGGCTAAGGCGGTAAAGCATCTGCCTGCAATGCAGGAGACTTGGGTTTGATCCCTGAATTGGGAT,tRNA
1325,RF00005_ABRO01404004_1_1122-1049,GGAGGTATGGCTCAAGTGGAAGAGAACATACCTCGCAAGTATGAAAGTCCTGACTTCAAATCCTAGTACTTCCT,tRNA
1326,RF00005_ABRO01281407_1_4717-4789,GGTGGTATGGCTCAGTGGTAGAGCACCTGTCTGGAAAGTACAAGGTCCTGAGTTCGAAAGCCCAGTAGAGCCA,tRNA
1327,RF00005_AAQR03026100_1_12359-12266,GCCTTCTTAGCGCAGTAGGCAGCGCGTCAGTCTCATAATCTGAAGAATGCACAGCCCTCACAAGGACCTGCCTGGCTGGATCCCAGAGGAGGTG,tRNA
1328,RF00005_BAAF04093381_1_5069-5141,ACCTCAGTGGCCTAATGGAGAAGGCACTGGCCTTCTAAGACAGGGATTAGTGATTCAAGTGACCTCTGAGGTG,tRNA
1329,RF00005_ADVT01005269_1_158-227,TTCCAATGGGTATAAATGGTAGCACGACAGATTTTGACTCTGTTAGTTCAAGTTCGAATCTTGATGGAAC,tRNA
1330,RF00005_ABQO010482730_1_2077-2148,GGCAATGTGGTACAGTGGAAAGTGTGCTAGATTTGAAATCAGAGGACTTAGGTTCAAATCCCAGCACTCCCA,tRNA
1331,RF00005_AGKD01406007_1_2175-2104,GCTTGTGGCGCAATGAATAACGCGTCTGACTAAGAATCAGAAGATTATAGGTTCGATTCCTAATTTTGAGTG,tRNA
1332,RF00005_AAPN01151007_1_11055-10984,GAGGGTGTGATCTAGTGGATAGAGAATGGGCTTCAGAGCCAGAGGACCTGGATTCTAATTCCAGCTCTGTCA,tRNA
1333,RF00005_CAEA01055600_1_1082-1010,GGCGGGATAGTCTAGTGGTTAGGATGTTTGACTCCCAGCTAAAAGGGTCTGGGTTTGATCCCCGGTTGTGTTT,tRNA
1334,RF00005_ABJQ01001771_1_1991-2074,GGGCAGATGACTGAGTGGTCTGAAGCGTCAGACTCAAGTTCTGATGGAAGAAATTCCGCGTGGGTTCAAATCTCACTCTTTCAT,tRNA
1335,RF00005_ACZU01079891_1_13041-12968,GCAACCGTAGCGCAGTGGTTAGCGCGCTTGCCTCAGAAGCTAGAGATCCGTGGTTCAACCTCTGGGCAAATGCT,tRNA
1336,RF00005_ABOF01094774_1_7-92,GAGGGACAAGCAGATTGGCGACTGCCGCTGATTCGAAATCAGCCGAGCCTTGGTAGGGCCTTGTGGGTTCGACTCCCGCTCCCTCT,tRNA
1337,RF00005_ABMK01050887_1_104-1,GGCTCCATAGTATAATGGCTAGAACGTGGGATTCTGAAGTATTTCGTCAGAACGCCCGAGAAAGTAAAAAAAATTCCCGAGATCTGGGTTCGATCCCCAGTGGA,tRNA
1338,RF00005_AATF01010958_1_276-347,GCGGAAGTAATACAGTGGTACAACATCACCTTGCCATGGCGGGGGTCGCGGATTCCAATCCCGTCTTCCGCT,tRNA
1339,RF00005_AEKR01025527_1_67-1,GAGACTGTTGCTCAGTGGTAGAGTCCATGATCAATATTCATGAGGTTCTAGGTTCAATCCCTGGTAG,tRNA
1340,RF00005_AAFR03052704_1_65453-65524,GGCAGTGTGGTTCAGTGGAAAGAATGCTGGCTCTGAAACCAGAGGACCTAGATTCAATGCCTAACTCTGCTA,tRNA
1341,RF00005_AADA01322977_1_9514-9585,TGCCTGGTTGTCTAGTGGCTAGGATTCGGTGCTGAAAGCGCCACGGCCCGGGTTCGATTCCCGGTCAGGGAA,tRNA
1342,RF00005_AEMK01019521_1_116-26,TCCCTGGTGGCCTAATGGGTGAAGGATCAGCACTGTCATTGCTGTGGCTTGGGTCGCATCTTTGGCGCAGGTTTGATCCCTGGCCTGGGAA,tRNA
1343,RF00005_AAQR03040281_1_21425-21353,GCCCATATGGCTCAGTGGGTAGGGTGCCGGCCACATACACGGAGGCTGGTGGGTTCGAACCCCGCTGGGGGCA,tRNA
1344,RF00005_ABLF02041903_1_164-90,AGGTCTGTGGCCTAGTGGGTTAAAGGCGTTAGGGGTTTAGCTCGGGGGTTGAGGGTTCGAATCCCTCCAATCTTT,tRNA
1345,RF00005_AAGV020154122_1_2622-2552,TGCAGTATGTTTAGTGGCTGAAAACACAGGCTCTGAACCAGCCAACCCAGGTTCAAATCCTGGTTCTGCCA,tRNA
1346,RF00005_ABRR01470796_1_559-630,GTGGGTGTAGCTCAGTGGTTGAGCCCGTGCTTAGACTGCACGAGGTCCTCGGTTCAATCCCCGGTACCAACG,tRNA
1347,RF00005_AASC02062262_1_3601-3457,GCTTCGGTAGACAAGTAGGTCAAACGTCAGCAGATTGTAAAACTGCTGCTATGTTTGTGAATAGAATAATTGGGTGGCAAGTGATTGAGCTCTCAGACTCGTAGGCCTAACCGTAAGGTCATGGGTTCGAATCCCGTCAGGAGCC,tRNA
1348,RF00005_AALT01421145_1_930-860,GAGGATCTGGCTCAGTGGTAGAGTGAATGCCTTATATATATGAGGATCTGAGTTGGATCTCAGGCACCTCA,tRNA
1349,RF00005_CP001037_1_728666-728737,AGCAACGTAGTTTAAAGAGTAGAATTCCTTGGAGTATACCAGGAGATACGGGTGCAATTCCCGTCGTTGCCC,tRNA
1350,RF00005_ABME01018250_1_64-1,GCGCTGTGGTTCCAATACTCGCCTACTAATCGAGAGGTCGCGGGTTCGATTCCCGCACGGTGCA,tRNA
1351,RF00005_AALT01399883_1_1993-2063,GGAGTGCTAGCACAGTGGGGAGGGTGTTTGGTTTGCACACAGTTGACCAGGGTTCAATCCCCGGCATTCCA,tRNA
1352,RF00005_AAQR03180662_1_14309-14381,GGCTCAGTGGCTTAGTGGGTAGGGCATTGGCCCCATATGCCGAGGGTGCTGGGTTCGAACCCGGCCCCTGCCA,tRNA
1353,RF00005_ABRN01395580_1_1211-1282,TCCCTGGAAGTCCAGTGGTTAGAACGCGGCACTTTCGCTGCTGTTGCCTGAGTTCAGTTCCTGGTCGGGGAA,tRNA
1354,RF00005_ABRN01266739_1_37953-37870,TCCCTGGTGGTCCAGTGGCTAGGACTCTGCACTCCCAATGCACTCCCAATGCTGTGGGCCTGGGTTCGATCCCTGATTGGGGAA,tRNA
1355,RF00005_AGTN01158407_1_29-102,TGTGTAATCAACTAAGTAGGGAGAGTGCCACAATGGCATTGTGGAAGTCGAGAGTTCGAATCTCTTTAGCTCCA,tRNA
1356,RF00005_AAWZ02010580_1_146616-146688,GGCTGTATGGTGTTGTGGTTCAAAACATTGGACTATGACTTTGGAGTCCAGGGTTTGAATCCATGTTCAGCCA,tRNA
1357,RF00005_AAGU03057462_1_66506-66579,CTACTAGTGGTAGAATTGTGATAGAATTCTCGCCTTCCATGTGAGAGACCCAGGTTCAATTCCTGGCCAGTACA,tRNA
1358,RF00005_AANN01498220_1_1205-1273,GGGATGACTCAGAGGGTAGAGTGCATGTCTTGTATGCTTAATGCCCTAGGTTAGATTCCTAGCATCTCA,tRNA
1359,RF00005_ABLW01034657_1_102-31,GTCCTTTGGTGTAATTGGCAGCACGTCTGGTTTTTGGTCCAGGAGATTGAGGTTCGAACCCTCGGAGGGACA,tRNA
1360,RF00005_AACY023180418_1_672-754,TCAGTGGTTAGTAAATTGCGAAGCAATTAGGTTGCGCTTGACTGGCAGTCAAGAGGTCGAGGGTTCGAATCCCTTCTTCTAAA,tRNA
1361,RF00005_AAVX01055394_1_1063-988,AGTTCTGTAGCTTAGTGGTTAGAGCACTTGCCTCACAAGCGAGAGACAACAACAAAATTACATTTGTTTAGCGCTT,tRNA
1362,RF00005_AACT01028259_1_9230-9124,GACGAGGTGGCCGAGTGGTTAAGGGTACGATGAGGTCCATTGGGCTAAGGACACGGAGGGATAATCCATTGTGCTCTGCCGCGTGGGTTCGAATCCCATCATCGTCG,tRNA
1363,RF00005_AAGW02060057_1_102249-102192,TAGTCTAGCAGTTAAGACATCTATCTACCACATTGGAGGATCTGGGTTCAAATCCCAG,tRNA
1364,RF00005_AEYZ01000396_1_7299-7424,GGACCCGTAGCTCAGCGGATAGAGCAGGACGTTTCACCACACCTTGTCGTCACGGACAGATGGAATGACATGGCGAATGCATGGGGAACTACATCTGTGTCGCGAGTTCGATTCTCGCCAGGGCCT,tRNA
1365,RF00005_DQ289462_1_1673-1607,GGTCAGGTGGCTGATTTAGGCGGTAGGCTGTAAACTTATTAATGGGAGGGCTAACTCCCCCTGGTCG,tRNA
1366,RF00005_CAEC01315057_1_9270-9200,CAAGGCATAGCTTAATATAAAGCATCCGGCTTACACCCTGAAGACCTNCAATATTAATTTGATTGCCTTGA,tRNA
1367,RF00005_AEYP01012403_1_8558-8486,ACCCGCCTGGCTCAGACGGTAGAACGTGAGACCCTTGATCTCGGGGTTATAGGTTCGAGTCCCATGCTGGGTG,tRNA
1368,RF00005_ACZU01116423_1_8393-8465,GCATCTGTGGCGCAGTGGTAGCGCACTTGCCTCAGAAACATTAGATCTGTGGTTAAAACCCCACATCGGGGCA,tRNA
1369,RF00005_AGBK01010438_1_191-116,GGGAGACTAGGTTAATACTAGCCCAAAAGCGCCGCACTGAAGATGCGGCAGTCGTGGGTTCGAGTCCCACCCCCCG,tRNA
1370,RF00005_AAGU03031556_1_103493-103565,TTCTGGGTGGTGCAGATAGTTAAGCACTCAATTACTAACTGAAAAGTTGGTGGTTTGAACCCACCCTCAGAAG,tRNA
1371,RF00005_DAAA02056684_1_7760-7838,AGAAATACGTCTGGTAAAAGTTACTTTGATAGAGTAACTCTAAGTTACTTTAATAGAGGTTCAAATCCTTTTATTTCTA,tRNA
1372,RF00005_CAAA01068978_1_9675-9746,GGCAGGATAACAGAGTGGGTAAATGTACGGTTTGGAAATCAAGCTTCCTGGGTTCAAATCCCAGTTCTAGCA,tRNA
1373,RF00005_AFSB01181359_1_8650-8589,GAGATTTTTGCTGTGTGATAAAAGCATATGTTTGCTAAACATAAATATTTAAATATATCTCA,tRNA
1374,RF00005_ACIV010771421_1_93-23,ACAACTTTAGCTCAAACGGTAAAGAACCTGCCTGCGATGCAGGAGACCAGGGTTTGATCCTTGGGGTTGGG,tRNA
1375,RF00005_AAWU01040391_1_7237-7162,GTGGCAGTGCGTAGCGAATGGTTACGCTGTCCGCTTTGTAAGCGGATGATTCTGGGTTCGATTCCCATCTGCTCCA,tRNA
1376,RF00005_AAGU03012217_1_27840-27769,GCATCGGTGGTTCAGTGGGAGGGTTCTTGCCTTTCATGCAGGAGACCTGGGGTTAGATTCCTGGCTGCTGTA,tRNA
1377,RF00005_AACY020236835_1_633-542,GGAAGGAAATCGTCTCCGGTGAGACGCACGGACTTCAAATCCGGCGAGAGGCGTTATAACGTTTCTGGTGGGTTCAACTCCTGCTCCTTCCG,tRNA
1378,RF00005_AFSB01038237_1_35920-35849,CGGGGTGTCACTCAGTGGTAGAGTGCTTGCCTAGCACGGCAAAAGTCCTGGGTTTGAGCCCTGGCACTTCAA,tRNA
1379,RF00005_U24570_1_13929-13992,AGATTAACAGGCGAAAATAAGAACTTCTAATTCTTACACGGGGGTTCAACTCCTCCTTAATCTT,tRNA
1380,RF00005_AP006777_1_4026-4096,GGAGATGTGCCTGAAATAAAAGGATCATTTTGATAGAATGCCTCATGAGGGTTTAAGTCCCTCCATTCTCC,tRNA
1381,RF00005_AAWZ02016167_1_38288-38354,CATTGTGTAGTTGTTTGAATGTTGGTCTACAGCTCTGGAGATCAGGGTTCAAATCCCTGCACAATGT,tRNA
1382,RF00005_AAPN01022263_1_663-734,AACTGTGTGGTTCAGTGGCAGGAGCCCGGGTTTGGGAGTCGGAGGTCGTGGGTTCAAATCCCACCCCAGACA,tRNA
1383,RF00005_AAKN02031360_1_101041-100969,TGGGATGTAGCTCAGTGGCATAAGCAGCTGCCTGGTAAGCAGAAGGCCCTGAGTTCAATTCCTAGTATTAAAA,tRNA
1384,RF00005_AFSA01842301_1_199-129,CAGGCTAGAACTGATGGTAAGGTGCTTGGTTGTTGGACCAAGGGACCCGGGTTCGAATCCCGGCAGCCCCA,tRNA
1385,RF00005_ABRO01201448_1_1406-1334,GGAAGTATGGCTCAAATGATAGAGTACTTGCATAGCAAGTGTGAGACTCTGAGTTCAAATCTCAGCACTATTA,tRNA
1386,RF00005_ABRO01356716_1_2957-3028,GGGGGTATAGTTCAGTGGCAGAACTCATGCTTAGCATGCATGAGGCTCTGGGCTCTATCCTTCGCACACCCA,tRNA
1387,RF00005_AAYZ01680757_1_1070-989,GGTGCTATGGTGTAGCAGGTAAAGCTGCAGCCTGTGATGCTGGCAACACATCTGGGTCCTGGTTCAAATCCAGGCTGCTCCA,tRNA
1388,RF00005_AAFR03033222_1_49616-49678,AGGTGACATAGTGGATAGTGTGTTGGACTTGAAATCCAAAAGACTTGAGTTCAAATCCTCCCT,tRNA
1389,RF00005_AAFR03022894_1_61904-61977,GTAAGAATAGCTAAAAGGTAAGAGAACTGGGCTGATAGTCAAGGGAGGCATAAGTTTGAATCTCATTTCTAACA,tRNA
1390,RF00005_AFSB01217572_1_4560-4489,ATGGATGTAGTTCAGTGGTTGAGCATTTGCCTGGCGTTCATAAGGCCCTAGGTTCAATTCCCAGTATCTGGG,tRNA
1391,RF00005_AACY022775917_1_19-129,GGTTGAGTGGCGAAAACGAGTGTTGGTACCGACACCGAAGGGAGACGCAAGAATTTATTTCTGAGAAGTAATACCAAACTTTTCGTGTAGGTTCGATTCCTACCTCAACCT,tRNA
1392,RF00005_BAAF04086610_1_1272-1201,GGGGTAGTGGTGCAGCGGTAGGGCGGTCAACCCCTGATTGAAATATTGTAGGTTCAATTCCTGCCTTGCCTG,tRNA
1393,RF00005_AGTP01058688_1_10350-10276,GGGGATATAGCTTAGTGGTGGAGCACCTGCCTTCCATGCACAGGATATCTAAAATTAGGATTCCTAATGTTCCCA,tRNA
1394,RF00005_AFTD01013527_1_1529-1446,GGGGGTGTAGCTTGGTTGGTGAAGTGCCTGCCTGGTATGCAGGAGACCCTGGGTTGGATCTGGGGGTGAATGCCTGCAATCCCA,tRNA
1395,RF00005_AFSB01183290_1_4407-4314,GGGGATGTAGCTCAGTGGTAGAGTGCTTGCCTAGCATGTGCAAGGCCCTGTATTCGCTTGAGTTCATTTGTGGCTTTATGTACTATCATCTTCA,tRNA
1396,RF00005_AAGU03034603_1_11172-11099,TCCTGGGTCGTGCAGATGGTTAACATGCTCGGCTGCTATCCGAGAGGCTGGAGGTTCAAGTCCACTCAGAGGAT,tRNA
1397,RF00005_AACY023808473_1_580-502,CAGTTTATACCGTAGGGGTAGCGGGACTGGCTGTAAACCAGTTGCCTTCGGGCTCGGGTGGTTCGACTCCATCAGCTGC,tRNA
1398,RF00005_AAGW02004522_1_12356-12274,AGCGCTGTGGCTCAGCGGGTTAACGCCCCAGTCTGAAGCACTGGCATCCCATATGGGCACGGGTTCTAATCCCGTCTGCTCCT,tRNA
1399,RF00005_AAFR03000905_1_148681-148750,AGCAGTGTGGCATAGTGGAAAGTGTTGGATTTGTAGTTAAAGGACTTGGGTTCAGATCCCTGCTCTGTTA,tRNA
1400,RF00005_GU001953_1_1393-1456,GGGTTTATAGTTTAATAATAAAAACATGAGATTGTTAATTTCGAGATGCGTTAAGCTAAATCTG,tRNA
1401,RF00005_AFEY01361393_1_16567-16495,AACAAGGTGGTACAATGGCTAGAACAATGGACTTAAAATCCAAAAGAGCTGAGTTCACATCTTGGCTCAGATA,tRNA
1402,RF00005_ACBE01254216_1_3375-3285,GCCTGGGTGGCTCAGTTGGTTGAGTGTCTGACTTCGGCTCAGGTTGTGGTCTCATAATTCATAATGCAGAGTTCGAGCCCTGCACCAGGTT,tRNA
1403,RF00005_ABRO01164091_1_7081-7153,GAAAGTGTAGCTCAAGGGTTAGAGCATCTGCCTAGCAATCACAAAGCCCTGATTTCGAATCCCAGTACATCCC,tRNA
1404,RF00005_ABLX01134834_1_1-47,ACCGGCCTTTGGAGTCGGTGGTTCAGGTTCGAATCCTGATGGAGCTA,tRNA
1405,RF00005_AEVX01011203_1_55387-55317,GAATGTGGCAGAGTAGACAGCGCACTAGTCTTCTATGTTAGAGATCCCGGGTTCGATTCCCGGTAAAATCA,tRNA
1406,RF00005_EF583821_1_182668-182565,CGGTAGTTTAGGGGTAAAACAGTCTGTATACGGAGATGGGTCACTACTGCTCATGACAGAGGTCACCGGAGTATACAGAAAGTCGCAGGTTCGAATCCTGCCCG,tRNA
1407,RF00005_AFFG01006969_1_2646-2573,ATTGTCGTGGCCGAGCGGTTAAGGCTTCTGACTGGAAATCAGATTCCCTCTGGGAGCTTAGGTTTGCAATAATG,tRNA
1408,RF00005_ADWX01225563_1_724-649,GACTATATAAGCTCAGTGGTTAGAACTGCCAATGCAATTTTCTGGCTAGTTCTAGGTTCAATTCCTGATATAGTCA,tRNA
1409,RF00005_ABNI01044719_1_85-1,GTCGCCATTAGTTGACGTAAAACACCGAGCTTATACCTCGCATCGTCTCCAGATTAGAGAGCGTCGCTGGTTCGAATCCAGCTGG,tRNA
1410,RF00005_AALT01438601_1_784-854,GGAGCAATAGTACAGTGGGTAGTATTCTTGACTTACACACAACTAACCTGGATTCAATTCCTGTCACACCA,tRNA
1411,RF00005_AAIY01388812_1_408-348,CCCACAGTAGACATGATTGGCTGTGAACCAAAAGTCAGTGGTTCAAGTCCACTCTGGGGAA,tRNA
1412,RF00005_AAFR03066256_1_6589-6660,ATTATAGTGGGCTATGGTGGAAACTGTTTAATTGGGAATCAAATAATCTAGGTTCAAATTCTGGCACTAATA,tRNA
1413,RF00005_AGTP01048231_1_23339-23267,GGGGTTGTTGCTCAGTGGTTAGGGTGCTTGCCTAGAATGCATGAGGCTTTGGATTCAATCCCCAGCAACACAT,tRNA
1414,RF00005_ABRO01043285_1_2168-2240,GGAAGCATTGCTCAACAAGTAGAGCTTTTGCTTACCAATCACAACATCCTGAGTTCAAACCCCAGTACTACCA,tRNA
1415,RF00005_ABJB010179239_1_1231-1159,CCCTGGTTAGCTCAGTTGGTAGAGCGCTCCACTTGTAATGGAGAGGCGGATTTTTTCGGTCGCTCACCAGTCA,tRNA
1416,RF00005_AAGE02003885_1_87601-87447,GGCTCGGTAGCTTAGTTGGTAAAGCGCTCGTCTAGCATACAAGAGTTCATAAGAACACTAATCTGAGAAGCAGGCTTTGTCCCAGTTGAGACGTAACGCCAGAAAGAAGAAGATGAAGCATACAAGTGTCCTGGGTTCAAATCCCAGTCTAGCAC,tRNA
1417,RF00005_AAIY01321061_1_906-834,CCCTGTGTAGAATAAATGGTGAGCATGCTTGGCTGCTAAATAAAAGTCGAAGGTTCGAGTCTTTCCAGAGGGA,tRNA
1418,RF00005_AAFR03048336_1_4229-4158,ACTCTTTAGCACAGTAAGCAGTGCATCAGGCTCCAAAGCTGAAAGTCCCAAGTTCAATCCTCAGAAGAAGTG,tRNA
1419,RF00005_AAEX03012037_1_8599-8720,GCCTGGGTAGCTCAGTGGTTGAGCACCTGCCTTTGGCTCAGGTCAAAGGCAGGCCCCATAATGGGGGCCCATCATGGCCCCCATGATCTTGGGTATCCTGGGATCGAGTCCCACATCAGGCT,tRNA
1420,RF00005_AAVU01000015_1_33331-33452,TGGCGGGTCGCTTAATTGGTAAAGCACAATTTTGCCCTTTGGGACGCAGATTTAGGGTTATCGTCTGTAACACGAATCCCCCCTTAATCGCTGAGATGCGGGTTCAATTCCTGCTCCGCTAC,tRNA
1421,RF00005_AAIY01499150_1_1411-1483,ACCTTGGTGGCTCCAATGGCTAAGCATTCAACTACTAACTGAAAGGTTGGTGGTTCAAGCCCACTCAAAAGTG,tRNA
1422,RF00005_AAGW02063852_1_1092-1019,GCAAGCATTGGTCTAGTGGTTAAGACACCTGTGTCCCATACTGGATTGCCTGGGTTTGATTCCCACTGCCAGCT,tRNA
1423,RF00005_ABRO01151213_1_1068-1142,GCCGAAATAGCTCAGTTGGGAGAGCGTTAGACTGAAGATCTAAAATTTGTGTGTGTGTGTGTGTGCACACTGGTT,tRNA
1424,RF00005_AAHY01757250_1_763-825,GGCAGGGTAGCTAAGTGGGTAGAGGGCTTGCCTTCTAGGCAAGAGGCCCTGGATCCAATCCTG,tRNA
1425,RF00005_AAGU03049089_1_76974-77044,GCAGTGGTGGCTCAGTGGCAAAAGTTTTGCCTTCTGCACGGGGGGCCCAGGTTTGACTTCTGGCCACTGCA,tRNA
1426,RF00005_AALT01554670_1_1880-1950,GGAGTGGTAGTACAGCGGATAGGGCAGTTGCCTTGTATGTAACTGATCTGGGTTAGATTCCCAGCATCCCG,tRNA
1427,RF00005_AAHX01099996_1_1045-1117,GGGGATGTGGTTCAGTGGTTAGAGTGCTTGCCTGCTATGCATGAAGCCCTGGCTTCTGTCTCCAGTACCACCT,tRNA
1428,RF00005_AAEX03002535_1_3267-3194,ACCTGGTTGGCTCAGTGGGTAGAGCATACAACTTCTTGATTTCAGGGTTGTGGGCTCAAGTCACACATTGGGTG,tRNA
1429,RF00005_AACY021223903_1_477-352,GGAGGTGTTTCAGTTTGAGGAGGCTGGTTTCCAACACAACTGAAGAAAACGTAAAAATTCCAGCTAAACTTGTAGATGCCCAATTTGAAACTTAGTAAGACGCGGGTTCGATTCCCGCCACCTCCA,tRNA
1430,RF00005_ABRO01058516_1_13641-13713,GGAGGCATGGCTCAAGTGATAGAGCATTTGTCTAGCAAACAAAAGACACTGAGTTCAAACCCCAATCCCACAA,tRNA
1431,RF00005_ABQO010487891_1_85-17,GTCAAAGTGGTTGAGAGAAAACATTGAATTGAAAATCAGAAGACCTAAGTTCAAATCTCATCTCTGATA,tRNA
1432,RF00005_EU443255_1_1014-1082,CAAGAGATAGCTTAACCATTAAAAGCATTCAGCTTACAATTGAAAAATGTTCACCGCGAACTCCCTTGT,tRNA
1433,RF00005_ABRQ01408920_1_4561-4490,GGGTTTGGGGAGCAAACAGTTAACTCTAGGCTGCTAACCTAAAGGTCAGTGGTTCAAGTCCACCCAAACTCC,tRNA
1434,RF00005_ABLX01122171_1_13-86,GCCGCCTTAGCTCAGTCTGGCCAGAGTGCCTAGCCTTGTAAGCAGACGTCAAGGTTCGAATCCTTTAGGCGGAC,tRNA
1435,RF00005_AAPN01122306_1_26603-26532,GACAGGGTGGCCTAGAGGAAAATATGTGAGCCTAGGACTCAAAGGACCTGGGTTTTAATCCCAGCCCTGCCA,tRNA
1436,RF00005_CT573422_5_141921-141850,TAGGATGTAACTTAGTTGGTAGAGTGCTTGCCTAATTTGCATAGAGCCTTAGGTTCAAACCTAACAACATAC,tRNA
1437,RF00005_AACT01048967_1_639-710,TCCTACATGGATTAGTGGTTATGATTCCTGGCTTTCACCCAGGCGGCCCAGGTTCTATTCCCGGAGTAAGAA,tRNA
1438,RF00005_AGTP01064090_1_53852-53780,GGTAGTATAGCTCAATGGTAGAGCATGTGATTTTCATATATTCAAATCCTGGGTTTGATTCTCAGCACCACAA,tRNA
1439,RF00005_AFSB01172665_1_10611-10687,GGGGATTTAGCTCGGTGGTTCCAGCGCCTGCTTCACAAGCACAAGGTTCCGAGTTCAATCCCCGGGTTCAATCCCCA,tRNA
1440,RF00005_AFEY01256183_1_1690-1618,GGTGATTTGGCGAATTGGTAATTGCATAAAGTTTAAGCCTTTACTACCAGAGGTTCACACCCTCTTCTTAACA,tRNA
1441,RF00005_AEYP01074939_1_103910-104005,GCCTGGTTGGCTTAGTTGGTTGGGCAACTGCCTTCGGCTCAGGTCACGGTTCCGAGTAGGAAGTATATATGCGGGGATCGAGTCCCGCATCGGGCT,tRNA
1442,RF00005_AEAB01019409_1_28421-28349,GTCTGGATAGCTCGGTGATTTAGAGCACTTATCCGGAAAATGAAAGATTCGGGTTCGATTCCACGTCTAGATA,tRNA
1443,RF00005_CAAE01015004_1_1776746-1776840,ACTGCCATGGCTGAGTGGTTAAGGTGTTGGACTTGAGGACCAATGGGATCTTACAATATAATCTTCCTACGCAGGTTCAAATGCTGCTCACAGGA,tRNA
1444,RF00005_AFSB01150642_1_2706-2635,TCTTTGATGGTCTAGTGCTTATAATTTAGCGCTTTCACTGCTGTGGCCCAGGTTCGATTCCCAGTCAGGGAA,tRNA
1445,RF00005_AFSB01002195_1_12273-12346,GGGGGTGTAGCTCAGTAGTGTGGAGTGCTTGCCTAGCATGCACAAGGCCTTGGGTTCAACCCCCAGTATCACTA,tRNA
1446,RF00005_AAVX01391320_1_481-397,AGGCTTGTAGCGTAGTGGTTAGCGCGCTCGCCTTGCAAGCAAGAGGACCCTGGCTTGATGTGGAGTGAAACTGTAGGCAAGTTTC,tRNA
1447,RF00005_AAPN01221397_1_1082-957,GGCAGCGTGGCTTAGTGGAAAGAGCTTGGGTTTGGGAGTCTCTGCACACAGTAAGCACTCAATAAATACGATTGAATGAATGAATGAATGAGTCAGAGGTCATGGGTTCGAATCCCGGCTCTGCCA,tRNA
1448,RF00005_AAHX01026832_1_29868-29798,GGAGATGGCTTAGTTGGTGAAGCACTTGTCCTGCAAACATGAGGGTCTGAGTTTGCTTCTCAAAGTCTCCC,tRNA
1449,RF00005_AAFR03039148_1_3521-3450,GCCAATGTGGTCCAATAGAAGGGCTGTTGGATTTAAAATCAAAGATTTTAGGTTCAAATCCTGACCTTGATC,tRNA
1450,RF00005_AFTD01136443_1_74298-74227,TGGTAAATAGCTCAGTGGTAGAATACTTGCCTGCAAAGCAGGAGTCCCTAGATTCAAGTTCCAGCATTGCAA,tRNA
1451,RF00005_AFTD01038107_1_91626-91555,GGGGATATAGTTTAGTGATGGAACACTTGTCTAGCATGCATAAGGTCCTAGGTTCAATCCCTAGTACTTATA,tRNA
1452,RF00005_AFSB01000836_1_4826-4897,TGGGCTGTGGCTTGATGGTTGAGCACTTGCCTGGCTTGCTAGTGACCCTGGATTTGATCCCCAGCAACACAA,tRNA
1453,RF00005_AAVX01138750_1_451-377,AAGTCTGTAGCTTAGTGGTTGGAGCGCTCGTCTTACAAGCGAGAGAACCTTAGGGCGAAAACTTCAGCAAATTTC,tRNA
1454,RF00005_AAGV020994589_1_430-501,GGGTGTGTGATTCAGTGGTAGAGCGCGAGCTTAGCAAACGTGAGGCTCCAGGTTCAACCCCTGGCAGCCCCG,tRNA
1455,RF00005_AACY023949450_1_275-183,GGAAGAGGAACGCACCCCGGTGGGGCGCCTAGACTTCAAATCTAGTGAGGGGCGTACCACGTCCTTGGTGGGTTCGACTCCCACGCTCTTCCG,tRNA
1456,RF00005_AEGY01040588_1_190-119,GTCTGACTAACCTTGTGGTTAAAGCGTCTGTCTACAATGCAGGAGGCCCAGGTTTGATCCCTGGGTCAGGAA,tRNA
1457,RF00005_ABRO01081471_1_4065-4137,GGAGGTATGGCTCAACTGGTAGAGTGCCTGCCTAGTGAGCTCAATGTCCTGAGTTCAAACCTCAATATCATCC,tRNA
1458,RF00005_AAPN01072237_1_1770-1841,GGCAGTGTGGCAGAATGGGAGAGCTGTGGACCTGCAAATCGGAGGGCCGGGGTTCTAGTCCCTGCTCTGCCT,tRNA
1459,RF00005_AAPN01023000_1_2912-2841,TCCCTGCTGGTTTAATGGTTAAGATTCGGTGCTCTCACCCCTATGACCTAGATTTGATTCCTGGGCAGGGAA,tRNA
1460,RF00005_CAAA01129816_1_16411-16485,GGGGAGAGGTCTAAATGGATAATAGTACTTGCTTTGCAAACATGAAGATCTGGGTTCAAACTCCCAGTGTCCATG,tRNA
1461,RF00005_ACBE01369941_1_6000-5928,GCTTGGCTGGCTGAGCCAGTAAGGTGTGTGACTCCTGATCTCAAGGTTGTGGGTGTGAGTCCCACACTGGGTG,tRNA
1462,RF00005_AAPN01216022_1_854-948,AGCAGCGTGGCTCAGTGGAAAGAGCACGGGCTTTGGAGTGGAAAGAGCCCGGGCTTGGGAGTCAGACGTCACGGGTTCAAATCCCGGCTCCGCCA,tRNA
1463,RF00005_EF222191_1_9706-9773,AAGGAATGAGTTTCTAAAAATAACTGCTTTCGAACCAGTAGTTTTAGGTTTTAATCCTAAATTCCTAA,tRNA
1464,RF00005_ABRO01128559_1_1760-1832,GGAGGCATGGTTCAAGTAACAGAACTCATGCCTAATAAGCACAAGGGCCTAAGTTCAATCCCCAGTACTTCCA,tRNA
1465,RF00005_AAKN02025200_1_30058-29987,TAGGATGTAGCTCAGTGTTAGAATGCATGTCTAGTACGCATGAGGCCCTGGGTTTGGTACCCAGCATTGCAA,tRNA
1466,RF00005_AACY020196606_1_721-649,GGGGATGTAGCTCAGTTGGCAAGAGCGTTGACTGACAGTCAAGAGGTCTAAGGTTCGAGTCCAAATAATCTCA,tRNA
1467,RF00005_CABD02353512_1_2804-2876,GGGGGTATAGCTCAGGGTTAGAGCATGAGACTGCAAGACCGAGAGGTCACCAGTTCGATTCCAGATACCCCCT,tRNA
1468,RF00005_AAPN01383148_1_3640-3568,AGCAACATGGCCAAGTGGATAGGGCACAGGGACTGGAAGTCAGAGGACCTGGGTTCAAACCTCAGTGCTGCCA,tRNA
1469,RF00005_AAEX03013556_1_42202-42137,GGACAATTTAATTAATAAAACATCAGACTTTTAATCTGAAGTTCCAGGGTTTAAATCTCTAGTCCA,tRNA
1470,RF00005_AFSB01020508_1_11542-11474,GGGTATAGGGCTCAGGGGTAGAGCACATGGTCGGCACATATGTGGCCCTGGGTTCAATACCCAGTACCA,tRNA
1471,RF00005_ADWX01072925_1_74-3,GGGGGCATGGCTAAGCGATATGGCAACGGGTTTTGGTCTTGTTATATAGAGGTTCTAATCCTTCTGTCCCAT,tRNA
1472,RF00005_AAGU03058231_1_5859-5932,ACCTGAGTGGTACAAGAGGTTAATGCATTCAACTGCTAATCAAAAAGTTGGTGGTTTGAATCCACCCACATGCA,tRNA
1473,RF00005_AFYH01191109_1_10642-10572,GGCAGTATAGCGTAATGGTCAGGGCACCTAATTGCAAACTAGAAGGTCAAGGTTCAACTCCTTCAATCTCA,tRNA
1474,RF00005_AAGV020188970_1_802-873,GCCCATGTAGCTCAGTGGTTGAGCATCGGTGTCCCACCCACAAGGACCCGGGTTCAATTCTTGGCACCGGTA,tRNA
1475,RF00005_DAAA02031778_1_8268-8197,TGTTTATAATATGAGTTGGTAAAGAGTCTGCCTGCAATGCAGAAGACACATGTTTGATCCATGGATCAGCAT,tRNA
1476,RF00005_AEYP01041820_1_28438-28535,GATAGTGTAGCTTAATAATTAAAGCAAGGCACTGAAAATGCCTAGAGGAGCTTATAAAACCCCATAAACTCATAGGCTTGGTCCCACTCTTTCTATTA,tRNA
1477,RF00005_ABRR01440646_1_377-306,GAGGGTATAGCACAGCAGTGAGGCGCATGCTTAACGCGCAGGAGGTCCCGGGTTCAATTCCCAGTATCTCCA,tRNA
1478,RF00005_ABRO01175369_1_717-645,TAAAGTATGGCTCAAATGTTAGAGCATCTGCCTTGCAAGTGGGAAGCTTTGAGTTCAGATCCTAGTACTATCA,tRNA
1479,RF00005_AAKN02038015_1_9149-9082,GGGGATGTAGTTCAATGGTAGAACATACGCTTACGATGAGTGGGGGCCTAGGTTCAGTTCCATCCCCA,tRNA
1480,RF00005_AAEX03003339_1_83332-83260,GACAGACTAGCTCTATGGTCAAGAGCGTGCAGCCCAGATCCCGGCTGCCTGGGTTTGAATCCCTGCTCTGTCA,tRNA
1481,RF00005_CAAB02007321_1_20-92,GCCCTTGTGGTGCAATGGGATCACATCTGACCCCAGATCGGATGTTTGTGCGTTCAACTCAACGTCAAGGGCT,tRNA
1482,RF00005_AY803353_1_11873-11813,ATCAATGTAGCAAAATAATGCAATGGATTTAAGCTCCATAAATAGGTCTTTCTCTTTGATT,tRNA
1483,RF00005_AFEY01029753_1_2922-2843,AGCTGAGTGGCACAGTAGATAGAGCACTGGACTTGAAATTAGGAAGACATCCTCAATGGCTTCAAATCCCATCTCAGATA,tRNA
1484,RF00005_AAVX01417984_1_795-725,GTCCTGCAATTCAGTGGTCAGAGCACTTGCCTCCCAAACAAGAGACTTGGGTTCAATTCCTGGGCGGGGCG,tRNA
1485,RF00005_AFEY01444311_1_25940-25869,GCTAATGTAGTTCATTGGAAAGAACACTGGATTTTGAGTCGGGAGACCTGGGTTCAAATTACAGCTTCTGTT,tRNA
1486,RF00005_ACBE01222047_1_171-87,GCTTGGATGGCTCAGTCAATTAAGCACTGGACTTCAGTTCAAGTCATGATCTCATGGTCCATGGGTTTGAGCCCTGTTTCAAGCT,tRNA
1487,RF00005_ABRQ01184342_1_5664-5593,GGTCTGGTGGCTCAGTGGTTTAGCCCTTGGCGGCTAACCAAGAGATCGCTGGTTCAAATCCACCCCCTGTTT,tRNA
1488,RF00005_AAKN02019179_1_1349-1279,GAGGATGTAGTTCAGTGGCAGAATGTTAGTTTTGTATGTAAGAGTCCTGGGTCTAATCCCTAGCATTGTTT,tRNA
1489,RF00005_AAFR03040927_1_11534-11603,GGTGGTGGTGGTGGGGGGGAACCCTCTGATTTAGAGTCAGAGGACCTGAGTTCAAATCTTGGCTCTACTT,tRNA
1490,RF00005_DAAB011209768_1_579-515,GACAGTTTGGCTTAGTGGTTAAGAGCTTTGGTACCAGATGGAATGGGTTCAAATCCCAACTCTCT,tRNA
1491,RF00005_AP010968_1_7578114-7578028,ACCGGGGTGGCGCGAAGAGCGCAAGCTGACACTCAGGCTCGAAGCTGACTTCGGGGAACGGTGGGGGTTCGAATCCCTCCCCCGGCA,tRNA
1492,RF00005_AGTP01001924_1_62298-62369,TGGGGTGTAACTCAATGATGGAGCGCTTGTCTAACTTGTCTGAGGTCCTGGGTTCAATCCCCAGCACCTCAC,tRNA
1493,RF00005_AFSB01069593_1_6421-6346,GGGAGTGTAGCTCAGTGGTACAGCAGTTGCCTAGCATGTTCGTTCAAGGTCCTTGGTTTGAACCCTAGCACCCCCC,tRNA
1494,RF00005_ACBE01549167_1_92-10,ACCTGGGTGGCTTAGTTAGTTAGGTGCCTGACTCAACTCAGGTCTTGATGTCAGGGATGTGGGTTCAAGCCCTGCTTCGGGTT,tRNA
1495,RF00005_ABQO010118413_1_3202-3131,AGTAGTGTGACATATTGGAAAAAGTGCTTGATTTATAGTCAAGGGACATATGTTCAAATTCTGTCTTTGCCA,tRNA
1496,RF00005_AAKN02011460_1_58183-58257,ATGCATGTGGCTCAGTGGTAGAGCACCTGCCTGCCATATCTATAGAGGCCCTAGGTTTGACTCCCAGCGTACACA,tRNA
1497,RF00005_ACBE01406852_1_5525-5449,TCCTGATTGGCTCAGACAGTACATACAGCACAGGATTCTTGGTCTTGGGGCTGTGAGTTCAAGTCCCACATTGGGTG,tRNA
1498,RF00005_ABRO01328738_1_297-369,GGTGGGGTGGCTCAAGAGGTAGAGCACCTGCCTAATAATCATAAGGCATTGAGTTCAAATCCCAATGCCCCCC,tRNA
1499,RF00005_AAEX03005470_1_151082-150989,GCTCAGTTGGTTAAGCGTATAACTCTTGATTTCGACTCAGGTCATGATCTCAGGGTAGCGGGATTGAGCCCTGTGTCAGATTCCACACTGAGCA,tRNA
400,RF00005_CP001962_1_88608-88681,GGGCGGCTAGCTCAGCTGGTCAGAGCGCTCGCCTTACAAGCGAGAGGTCAGAGGTTCAAATCCTCTGCCGCCCA,tRNA
401,RF00005_CP001997_1_986347-986275,GGACCGTTAGCTCAATCGGCAGAGCACCTGACTCTTAATCAGGGGGTTACAGGTTCGATTCCTGTACGGTCCA,tRNA
402,RF00005_AACY020830837_1_463-536,GCATCCTTAGCTCAGTTGGATAGAGCATCGGCCTTCTAAGCCGAGGGTCGTAGGTTCGAGTCCTACAGGATGCG,tRNA
403,RF00005_CADV01007465_1_8284-8356,GGTCCCGTGGCCTAATGGATAAGGCGTCTGACTTCTAATCAGAAGATTGCGGGTTCGACCCCCGCCGGGACCT,tRNA
404,RF00005_CP001364_1_2973370-2973442,GCCTACGTAGCTCAGTCGGTAGAGCACGTCTTTGGTAAAGACGAGGTCACGGGTTCAAGTCCCGTCGTAGGCT,tRNA
405,RF00005_CP002355_1_775293-775221,GGGAGTTTAGCTCAGTTGGTAGAGCGCTACCCTTACAAGGTAGATGTCACAAGTTCGAGTCTTGTAATTCCCA,tRNA
406,RF00005_X54421_1_9920-9992,GCTAATTTAACTCAATTGGTAGAGTGCGTACCTTGTAAGTACGAAGTTAGAGGTTCAATTCCTCTAATTAGCA,tRNA
407,RF00005_AACY020293319_1_6388-6459,GCCATCGTAGCTCAGAGGTAGAGCAGCTGATTCGTAATCAGCAGGTCGATGGTTCAAATCCATTCGGTGGCT,tRNA
408,RF00005_ADFJ01002443_1_39816-39743,GGCCGCGTAGCGCAGTGGATTAGCGCGTCAGACTTCGGATCTGAAGGTCGTGGGTTCGAATCCCACCGTGGTCG,tRNA
409,RF00005_ABMN01080274_1_111-39,GGGACTATAGCTCAATTGGTAGAGCAGCGGCCTTTTAAGCCGAGGGTTCAGGGTTCGAGTCCCTGTGGTCCCA,tRNA
410,RF00005_CP001850_2_381626-381554,GCCTTTTTAGCTCAGTAGGTAGAGCGCATCCATGGTAAGGATGAGGTCACCGGTTCGAATCCGGTAAAAGGCT,tRNA
411,RF00005_AFPL01000055_1_107640-107713,AGGACTATAGCTCAGCTGGTTAGAGCACCACCTTGACATGGTGGGGGTCAGCGGTTCGAATCCGCTTAGTCCTA,tRNA
412,RF00005_AACY023252580_1_1296-1369,AGGAGAGTGGCGCAGTGGTTTAGCGCGCGTGGCTCATAACCACGAGGTCGGTTGTTCGATTCAACCCTCTCCTA,tRNA
413,RF00005_AGFS01114989_1_50-140,GGAGGAATACCCAAGCGGTTAAGGGGACTGTTTGCTAAACAGTTAGGAGGTACGTGAGTATCTTGCGTGGGTTCAAATCCCACTTCCTCCG,tRNA
414,RF00005_FP475956_1_2275982-2276065,GCCGGGATGGCGGAATCGGTAGACGCACTGGATTCAAAATCCAGCGCCCTTAAAAGCGTGCGGGTTCGAGTCCCGCTCCCGGCA,tRNA
415,RF00005_ABPE01001609_1_4393-4473,GGCGCTGTGGTGGAGTGGTTAACACGTAAGACTCGAAATCTTATCCTTTCGGGGGCGCAGGTTCGAATCCTGCCGGCGTCG,tRNA
416,RF00005_FP929048_1_1496414-1496488,GGCCTTGTAGCTCAGCTGGATTAGAGTGTTTGACTACGAATCAAAAGGTCGCAGGTTCGAGTCCTGCCAAGGTCA,tRNA
417,RF00005_ABYI02000019_1_144029-143955,CGGGGTATGGCTCAGTTTGGTTAGAGCGCACGGCTGGGGGCCGTGAGGTCGCAGGTTCGAATCCTGTTACCCCGA,tRNA
418,RF00005_BAAZ01004333_1_153-81,GCTTCTGTAGCTCAGTTGGTAGAGCAGTAGGTTGAAGCCCTATGTGTCGCTGGTTCGATTCCAGCCGGGAGCA,tRNA
419,RF00005_CP002631_1_1926391-1926463,GGGCTACTAGCTCAGTAGGTAGAGCAACGCCCTTTTAAGGCGTGGGTCTCGTGTTCGAATCACGAGTAGCTCA,tRNA
420,RF00005_GQ892829_1_132716-132786,GCGTTGATGGTACAGTGGTAGCATACTACCCTGCCACGGTAGAGACCCGGGTTCGATTCCCGGTCAACGCA,tRNA
421,RF00005_AATN01004742_1_690-602,GGAGGGGTGGGAGAGTGGCTTAATCCAACGGTTTGCTAAACCGTCGTAGGGATTATACCTTACCGCGGGTTCGAATCCCGCCCCCTCCG,tRNA
422,RF00005_ABMF01100428_1_76-2,GCCCCTGTAGCTCAGTGGAATCAGAGCAACCGGCTTCTACCCGGTGGGTCGTGGGTTCGAATCCTACCAGGGGTG,tRNA
423,RF00005_AACY020689252_1_178-264,GGAGAGATGTCCGAGTGGCTGAAGGAGCACGCTTGGAAAGCGTGTGTGCATGAAAGTGCACCGAGAGTTCGAATCTCTCTCTCTCCG,tRNA
424,RF00005_AFBP01000014_1_167941-167860,GCCTAGGTGGTGAAATGGTAGACACAGGGGACTCAAAATCCCCCGCCTAATAAGCGTGAGAGTTCGAATCTCTCCCTAGGCA,tRNA
425,RF00005_CP001850_2_757136-757063,GGGTGGTTAGCTCAGCTGGTTAGAGTACTTGCTTGACATGCAAGGGGTCGATGGTTCGAGTCCATTACTACCCA,tRNA
426,RF00005_CP000879_1_888773-888703,TGGGGGATCGTCTAACGGCAGGACAGCGGACTCTGACTCCGTCAGTGGAGGTTCGAATCCTCCTCCCCCAG,tRNA
427,RF00005_ADMJ01000306_1_19363-19292,GCCCTGCTAGCTCAGTGGTAGAGCGTCGCACTCGTAATGCGAAGGTCAGTCGTTCAAGTCGGCTGTGGGGCA,tRNA
428,RF00005_CP001358_1_1922597-1922525,GTCACCATCGTCTATCCGGTTAGGACGGCGGCCTCTCAAGCCGCTAAGACGGGTTCAAATCCCGTTGGTGACG,tRNA
429,RF00005_DQ491002_1_194921-195005,GCCAGGATGGCCGAGTTGGTTAAGGCGATCGCCTCAAGAGCGATTGGATGTTATGTCCGCGTAGGTTCGAGCCCTACTTCTGGCA,tRNA
430,RF00005_AACY021722661_1_525-451,CGGGACGTAGCGCAGTCTGGTTAGCGCGCTGCGCTGGGGGTGCAGAGGTCGGAAGTTCGAATCTTCTCGTCCCGA,tRNA
431,RF00005_AACY023280057_1_1044-962,GGGAATGTGGTGGAATAGGTAGACGCACCGGTCTTAAAAACCGTTGACCATAGGTCGTATGGGTTCAAGTCCCATCATTCCCA,tRNA
432,RF00005_X95275_2_2048-1977,AAATCTATAATTTAATGGATAAAATAAAAACCTTCTAAGTTTTATATGTAAGTTCAAATCTTACTAGATTTA,tRNA
433,RF00005_AGFS01158315_1_216-131,GGAGAGGTGGCAGAGATGGATTATTGCACCGGTCTTGAAAACCGACGTGTTTAACAGCACCGCGGGTTCGAATCCCGCCCTCTCCT,tRNA
434,RF00005_GQ303260_1_94027-94099,GCCCTTGTAGCTCAGTGGCAGAGCACCGACCTTGTAAGTCGGGTTGTCCCGGGTTCGATTCCTGGTAGGGGCT,tRNA
435,RF00005_CABU01010046_1_4648-4576,GCCTCTATAGCTCAGCTGGGAGAGCGTGGCACTGAAGTTGCCAAGGTCACTGGTTCGATCCCGGTTGGAGGCA,tRNA
436,RF00005_AEOT01000013_1_10441-10512,GGTTCAATAGCTCAATGGTAGATCATACGGCTCATAACCGTGCGGTTGTAGGTTCGACACCTACTTGAACCA,tRNA
437,RF00005_ADGO01001225_1_220-127,GGAGGGGTGGCCGAGCCAGGTCGAAGGCGCTCGCCTGCTAAGCGAGTGGAGGGCCGGATGGCCTTCTCGAGGGTTCGAATCCCCTCCCCCTCCG,tRNA
438,RF00005_ABEF01039452_1_782-868,TGCGGAGTGGCGAAATGGGTAAACGCAGCTGGTTGTTGACCAGCCAGGTCGGACAGACTTTTGGTGGTTCGATTCCACCCTCCGCAG,tRNA
439,RF00005_AACY023526759_1_145-228,GCAGGGATGGCTGAGGTGGTCAAAGGCGCCGGGCTTAAGATCCGGTCCCAGATGGGTTCGTGGGTTCGTATCCCACTCCCTGCA,tRNA
440,RF00005_ABMF01043449_1_1-84,GCGAAAGTTGAGCAACTGGCTGGCTCGCCTGACTGTAAATCAGGTCTCTTCGGGGCGTTGGGGGTTCGAATCCCTCCTTTCGCA,tRNA
441,RF00005_AGFS01158315_1_396-313,GAAGCTGTACCGAAGAGGCTAAACGGGATGGGTTGCAACCCCATTGGTTTTACACCTTCGTGAGTTCGAATCTCACCAGTTTCT,tRNA
442,RF00005_ABJB010652355_1_601-509,CCGTCGATAGCTCAGTTGGTAGAGCGGTGGACTGTAGAGGAAGCGACTGCTGTCATCCACTATAGGTCGCTGGTTCGAATCCGGCTCGACGGA,tRNA
443,RF00005_AACY020600619_1_676-746,GCGGGTTGGGGGGAGTGGTCACCCCGTTGGGCTCATAACCCGAAGACACAGGTTCGAATCCTGTACCCGCT,tRNA
444,RF00005_AY359242_1_53442-53358,GCCTGTTTGATGGAATCGGTAGACATGAGAGCTTTAAAAGTTCTTGCTTTTTATAGGCGTGCAAGTTCAATTCTTGCAACAGGCA,tRNA
445,RF00005_CU329672_1_2072080-2072174,GACAACGTGGCCGAGTGGTTTTAAGGCGTTCGCCTGCTATTCTGTAGCCCAGCGGATTCCCTTTGGGAGCGCAGGTTCGAATCCTGCCGTTGTCG,tRNA
446,RF00005_EU652694_1_9773-9707,GGTAAAGTGGCCGAGTAGGTGGTGGGTTGTAGCCCCAATTACAGAGGTTCAAGTCCTCTCTTTACCA,tRNA
447,RF00005_AEQC01001159_1_14594-14496,GGGCGTTTAGCACAGTGGTAGCGCGTATGCTTTGCATTGCCAGGTCTTCCTGCAATAGCGACTTGCATAAAGTCCAGGGTTCAATCCCCTGAACGTCCA,tRNA
448,RF00005_ACQM01135710_1_5684-5760,GGGCGTGTGGCGCAACGGATAACGCGTCTGTCTACGGATCAGACAGAAGATTCCAGGTTCGAATCCTGGCACGCTCG,tRNA
449,RF00005_ABSP01028004_1_790-861,AGTCGCGTGGCCGAGTGGAAAGGCCAGAGGTCTGCAAAACCTTCAACGACGGTTCGAATCCGTCCGTGACGT,tRNA
450,RF00005_AAVX01618747_1_724-653,AGTCCGGTAGTTCAGTGATTAGAGCACTCGCCTATCAAGCGAGAGACCTGGGTTTGATTCCCAGCGGGACGA,tRNA
451,RF00005_AEKE02008643_1_141604-141530,GTCTGGGTGGTGTAGTCGGTTATCACGCTAGTCTCACACCACTAGAGGTCCCCGGTTCGAACCCGGGCTCAGATA,tRNA
452,RF00005_AACO02000028_1_145568-145672,TGCCCCGTGGCTGAGTTGGTTACAGCGGTTGACTGTTAGTTAAAAACATTATTAACGTAAATACTATTGATCAGACGGTCGAGAGTTCGAGTCTCTCCGGGGCAG,tRNA
453,RF00005_HM997019_1_2732-2802,GGGTGATTCGTATAGTGGTATTACGCTGGATTCCAAACCCAGTCACCGGAGTTCGATTCTTCGATTGCCCG,tRNA
454,RF00005_AFXY01000020_1_19597-19670,GGGTGTGTAGCTCATATTGGTAGAGCGCTTGATTCGCATTCAGGAGGCAAGGGGATCGATACCCCTCACATCTA,tRNA
455,RF00005_FP929065_1_1143385-1143475,CTCCGCTTGGTGTAGTTGGTTGATCACGTTCGACTGTAATATCAAATAAATTGTTATCGAAAGGTCGCTAGTTCGATTCTGGCAGCGGAGA,tRNA
456,RF00005_FJ606831_1_535-465,TAGGAGATGGTGTAGTGGGAGCACGAGGAGTCTTGGTCTCCTAAGTAGGGGTTCGAGTCCCCTTTTTCTAA,tRNA
457,RF00005_ABMJ01043639_1_28-103,CGCCGAGTAGGGGAGTCTAGTCGTCCCCGCCAGTCTCATAAGCTGGAGATCGTAGGTGCGAATCCTACCTTGGCAA,tRNA
458,RF00005_AAIY01519424_1_1713-1802,CCTTCGATAGCTCAGCTGGTAGAGTGGAGGACTGTAGGCAAATTGCTGGTAGTTATCCTTAGGTTGCTGGTTCGACTCTGGCTCGAAGGA,tRNA
459,RF00005_ABWF01007615_1_1190-1109,GGTTCTGTGGTCTAATGGTTATGACGTCTGCTTCACATTACGTGGGCGCTGAAGGTTCCCGGTTCGAGCCCGGGCAGAATCA,tRNA
460,RF00005_CAEA01272837_1_218-290,GTAGAAATAGCTCATTTGGGAGAGCGTTAGACTGAAGCTCTAAATGTCCGTGGTTCGATCCCTGGTTTCGGCG,tRNA
461,RF00005_AACY021195243_1_380-445,GGGTCATTAACTCAATTGGTAGAGTACTCGGCTTTTAACCGGTAAGCTCTGGGTTCGAGTCCCAGA,tRNA
462,RF00005_AP006806_1_2816-2889,ATTGAGGTGGCAGAGCCCGGTTACTGCAAAAGACCTAAGCCCTTTCTACGGAGGTTCAAGTCCTCCCCTTAATT,tRNA
463,RF00005_AAVX01050930_1_1551-1480,AGTCCTGTAGCTCAGTGGTTAGAGCACTTGTCTCGCAAGCAATAGAACTGGGTTTGATTCTCGGCTGGACAA,tRNA
464,RF00005_BAAX01005223_1_733-666,GGCGGAGTAGCTCAATTGGCAGAGCCAAGGGGCCTCCTACGTTGCTGGTTCGAGTCCAGCCTCCGCCC,tRNA
465,RF00005_AERA01016160_1_86-2,GAAGAGCAAGCCAAATGGCGATGGCACCTGACTTGAAATCAGGCGAGGTTTAAAAGCCCTTGGGAGTTCGACTCTCTCCTCTTCC,tRNA
466,RF00005_AAVX01031708_1_2250-2178,AGTCCTGTAGCTCAGTGGTTAGAGCACTCGCCTCTCAAGCGAGAGGCCCTGGGTTCGACTCCTGGGCGGTTTA,tRNA
467,RF00005_ACZU01031821_1_621-692,GCTTCCTTGGCGCTTGGTTAGCGCTTTCAGTTGTTAACCGAAAAGATGGTGGTTCAAGTCCACCCGGGAGCG,tRNA
468,RF00005_ABIM01028811_1_612-540,GCGGGGATAGCTCAGTTGGGAGAGCATTAAACTAAAGATCTAAAGGTCACATGTTCGATCCACGTTCAACGCA,tRNA
469,RF00005_AAGU03040309_1_25623-25553,GCAGTGGCGGTTCAGTGGTAGAATTCCTGCCTTTCATGTAGGAGATCTGAGTTCAAGTCTCAGCCAATGGG,tRNA
470,RF00005_AAWR02036132_1_1656-1585,GGGGGTGTAGCTCATGGGTAGAGCATTGGACTGCAGATCAAGAGGTCCCCGGCTCAAATCTGAGCGCCCCCT,tRNA
471,RF00005_ABRO01228583_1_8200-8129,GGTTCCATGGTATAATGGTGAGCGCTCTGCACTCTGAATCCAGTGATTCAAGTTCAAATCTTGGTGGCACCT,tRNA
472,RF00005_U71327_1_230-159,TAGGGAGTAGTATATTAGGTAGTACGTGGAGTTTTGGGCTCTTTAGTACAGGTTCGAACCCTGTTTTTCTAG,tRNA
473,RF00005_AAGD02003442_1_2577-2651,GCCAACTACCTGTGCAGTTGGTAGAGCGTGAGACTTTTAATCTTAAGGTCAGGGGTTCGAGTCCCCTAGGTGGCT,tRNA
474,RF00005_AAVX01515835_1_146-76,GCACATGTGGCACATTGGTTAGAGCACTCGCCTCGCAAGTGAGAGACCTGGGTTCTATTCCCGGCAGGGCA,tRNA
475,RF00005_HM640209_1_2461-2388,TAGGCAGAAGCCTGTTGGTTTGGGCATCTAGCTGTTAACTAGGGGAATTGCGGGATCGAGGCCCGCCTGCCTAG,tRNA
476,RF00005_AANN01472410_1_3305-3376,CTGGGTGTAGCTCAATGGCAGAGCACATGACTTGCATGTATGGCGCCCTAGGTTCAGTTCCTGGCATCCAAA,tRNA
477,RF00005_AGTP01100646_1_14734-14663,TGGGGTGTAGCTTGGTGGTAGAGCACTTGCCTAGCATGTATGAGGCTCTGGGTTCTACCCCCAGCACTGCAT,tRNA
478,RF00005_DAAA02048529_1_5407-5481,TCCCTGGTGGCCCAGTGGCTAAGGCTCCGCACTCCCAATGCAGGGGGGACCCGGGTTCGATTCCTGGTCGGGGAA,tRNA
479,RF00005_EF536199_1_1185-1117,GAGGTTTTAGCTTAATTAAAGCGTCTGAGTTGCAATCAGGAGATGTGAACTAGAATTTTACAAGTCTTT,tRNA
480,RF00005_AEYP01041088_1_26774-26702,ACCTGTATGGCTTAGTCAGTAGAGCACATGACTCTTGATCTTAGGGTTGTGAGTTCAAGCCCCATTATAGGCA,tRNA
481,RF00005_AAVX01275293_1_752-822,TACAATGTTCTCAGTGGTGAGAGCACTTGCCTCGCAAGCAAGAGACCTGGGTTCGATTCCCGGCAGGGCAA,tRNA
482,RF00005_ABRR01173843_1_7972-7901,GGAGGTATTGCTCAGTGATAGATTGCATGCTTGGCATGCACAAAGTCCTGAGTTCAACCCTCAGTACCTCCG,tRNA
483,RF00005_AAGU03088840_1_277294-277223,GAGGATGTAGCTCGGTGGTAGAGCACATGCTTTGCATGTATGTTGTCCCAGGTTCAATACCTGATACCTCCA,tRNA
484,RF00005_BX842593_8_31001-31083,GTCAGGTTGGCTGAGTAGACTAAAGTGCTGCGTTCAGGACACAGTCTCTCCTGGAGGCGTGGGTTCAAATACCACATCTGACA,tRNA
485,RF00005_AGTP01057091_1_68060-68131,GGTGATGTAGCTTAATGGTACAGCACTTGCCTAGCATGTGTGAGGCCCTGGCTTCAATCCCCAGCACTACCA,tRNA
486,RF00005_AGTP01104263_1_37627-37559,GGGGTTGTGGCCCAGTGGTAGAGCACTTGGCTAGTATACAAGAGGTCCTGGGTTCGATCCTCAGCACCA,tRNA
487,RF00005_AGTP01053857_1_2597-2526,GGGGATGTAGCTTAGAGGTACAGCAGTTGCCTAGCATGCATGAAGCCCTGGGTTCAATTCTCAGTACCACCA,tRNA
488,RF00005_HQ907147_1_45-112,CATTAAGAAGCTTTTTATAGCACTAGCCTTTTAAGCTAGAGAAGGGGAATTAAAATCCTCCTTAGTGG,tRNA
489,RF00005_AAKN02019505_1_57379-57450,TGGGGTGTAGCTCAGTGGTAGAGCACTTGTCTTGTATACATGAGGTCCTGAATTTGATTCTCAGTGCTGAAA,tRNA
490,RF00005_AAKN02043721_1_1992-2063,GGAGATGTAGCTTAGTGGTAGAGTGGCTGCCTAGCATGCACAAGCTCCTTGGTTCAATCCCAAGTACTGCCA,tRNA
491,RF00005_AANG01557597_1_1794-1866,ACCTGGCTGGCTCAGTTGGTAGAGCGTAAGACTCTCGGTCTTGGGGTGGCAGGTTTTAGTCCTATGTTGGGTG,tRNA
492,RF00005_AAVX01025363_1_646-574,TGTCCTCTAGCTCAGTGTTTAGAGCACTTGCCTCGCAAGGGAGAGGACCTGGGATCAATTCCCAGCAGGGCGA,tRNA
493,RF00005_ABRR01187241_1_4049-3978,GGGGGTATAACTCAGTGATAGAGTGCATGCCTGACATGCACATGGTCCTGGGTTCAATCCTCAGTACAATCA,tRNA
494,RF00005_AGTP01008327_1_2643-2710,GGGGGTGTAGCTCCACGGTAGAGCACTTGTTTAGCGTGAGTCTCTGGGTTCAATTCCCAGCATTACCA,tRNA
495,RF00005_ABRR01281978_1_391-462,GGCAGTATAGCTCCGTGGTACAGCATGTGCTTAGTGTGCGCAAGGTTCTGGGTTCAATCCCTAGTACCTCCA,tRNA
496,RF00005_ABRP01172742_1_4006-3933,GGATCCATAGAGTAGTGGTTAGCACATCTGCTTTGCAAGCAGAAGGGCCTGGGTTCATGCACCAGATGGAGCCA,tRNA
497,RF00005_AANG01247913_1_2775-2859,GCCTGGGTGGCTTAGTCAGTTAAGTATTTGACTTCAGCTCAAGTCATGATCTTGGGGTCTGTGAGTTCGAGCCCCACATCAGGCT,tRNA
498,RF00005_ABRN01102489_1_189-117,TCCCTGATGGTCCAGTAGGTAAGACTCAGCGCTCCCAACGCAGGGAGCCCGGGTTCGATCCCTGATCACGGAA,tRNA
499,RF00005_AAGU03032486_1_1243-1173,GCATCAGTGGTTCAGTGGTAGAATTCTTGCCTTTCATGCTAGAGACCTGGGTTCAATTCCTGGGCAGTGCC,tRNA
500,RF00005_ACIV011328502_1_179-251,TCCTTGGTGGTCTGGTGGATAAGACTCTGAACTCCAATTGCAGGGGGCACAGGTTCGATCCCTGGTCAGGGAG,tRNA
501,RF00005_AGTP01044468_1_4563-4492,GGTGATGTGGTTCAGTGGTAGAGCACTTGCCTAACTTGCATAAGTCCCTGGGTTCAATCCCCAGCACAATTA,tRNA
502,RF00005_ABRN01167855_1_6197-6125,TCCTTGGCAGTCCAGTGCTTAAGATTCTGCACTCCCAATGCAGGGGATGCGGGTTCGATCCCCGGTCAGGGAA,tRNA
503,RF00005_AAQR03125285_1_1510-1437,GAGCCTGTGGCTCAAAACGGTAGGGCGCTGGCCTCATATGCCAGAGGTGGCAGGTTCAAACCCAGCCCCGGCCA,tRNA
504,RF00005_DAAA02058788_1_25677-25749,TCCGTGGTGGTCCAATGGCTAAGACTCTGTGCTCCTAATGCAGGGGGCCTGAGTTCCATTCCCAGTCAGGGAA,tRNA
505,RF00005_AAVX01005588_1_1139-1066,AGCCCTGTAGCTCAGTGGTTAGAGCACTCGCCTCGCAAGCGAAAGGACCTGGGTTCCATTTCCGGGTGGAGTGA,tRNA
506,RF00005_AAUQ01006602_1_1465-1542,GGCTCGGTAGCTCAGTCGGTAGAGCAAAGGACTGAAAAATCCTTGTGTCGGGCGGGTTCCGATTCCCGGCCCGGGGCA,tRNA
507,RF00005_AGTP01080440_1_11459-11388,TGGGTTGTGGCTCAGAGGTAGAGCACTCGCCTAATAAGTGCGGGGCCCTGGCTTCAATTCTCAGCACCACAA,tRNA
508,RF00005_AAGV020502604_1_4737-4807,GTGGACGTAGCTCAGTGGTTGAGTGCCTGCTTCCCATGTAGAAGGACCTGGGTTCAATCCCCAGTATCTCA,tRNA
509,RF00005_AGTP01024035_1_8676-8607,GGGGTTGTGGCTCAGTGGTAGAGCGCTTGTCTAGCATGCGTGAGGTGCTGGGTTCAACCCCCCAGCACCA,tRNA
510,RF00005_DAAA02043324_1_44392-44464,TCCCTGATGGTCCAGTGGTTAGGACTCTGCTCTTTCAGTGTTGAATACTCAGGTTTGATCCCTGGTGGGGGAA,tRNA
511,RF00005_ABRR01119794_1_902-831,GAGGGTGTAGCTTAGTGCTAGAGCACGTGCTTAGCATGCATGAGGTCCTGGGCTTATTCCCCAGTATCTCCT,tRNA
512,RF00005_AAGU03015792_1_15028-15098,GTAGTGGTGGCTCAGTGGTAGAATGTTCGCCTTCTGTGTGTGAGACCAGGGTTCAATTCCCAGCCAGTGCA,tRNA
513,RF00005_AAEX03009789_1_22913-22985,GCCTGGCTGGCTTAGTGGGCACAGCGTGTGACTGCTGATCTCAGGGTGGTGAGTTCAAGTCCCATGTTGGACA,tRNA
514,RF00005_AEMK01013469_1_5700-5770,TCCTGGAGATCTAGTGGTTAGGACTCAGTGTTTTCACCACTGTGGCCTGGGTTCAATTCCTGGTCTGGGAA,tRNA
515,RF00005_ACBE01417917_1_1494-1422,GCCTAGCTAGCTCAGTCAGTAGAGCACGCAACTCCTGATCTCAGGGTTGTGAGTTCAAGCCCCATGTTGGGCA,tRNA
516,RF00005_AFSB01081505_1_4091-4023,GGGTGCAGCTCAGTGGTACAGCATTTGCCTAACATGCACAAGGCCCTGGGTTCAATCCCCAGACATCCA,tRNA
517,RF00005_AF448778_1_1463-1398,GAAGTTTTAGCTTAATTAAAGTGTCTGAGTTGCATTCAGAAGATGTTGATAGTTCAATAAGCTTTA,tRNA
518,RF00005_AAPE02068959_1_1485-1552,GACCAGGTAGCTCAGTTGGTTAGAGCGTTGTCATGATATGTCAAGGTTGCGGGTTTGATCCCTGGTCA,tRNA
519,RF00005_AGTP01037282_1_23334-23402,GGGATTGTAGCTCAGTGGCAGAGCGCTCACCTAACATGTGGGAGGTGCTGGGTTTGATCCTCAGCACCA,tRNA
520,RF00005_ACBE01317947_1_1621-1699,GCCTGGGTGGCTCAGTCAGTTAAGCATCTGACTCTTGGTTTTGGCTCAGTGTTTGTGGGTTCAAACCCCACATCGGGCT,tRNA
521,RF00005_ABRR01303377_1_661-590,GAGGGTATAGCTCATCAGGAGAGCGCATGCTTAGCATGCCTGAGATCCTGGGTTCACTCTCCAGTGCCTCCA,tRNA
522,RF00005_AAVX01221300_1_1644-1571,AGTCCTGTAGCCTAGTCGTTCGAGCATTTGCCTCGCACGCAAGAGGACCTGGGTTCGATTCTCAGGTAGGGCGA,tRNA
523,RF00005_AAPE02014622_1_19026-19098,GCTGTTTTGGCTCAGTGGACAGAGCATCAGCCTGTGGACTGAAGGGTACTGGGTTTGATTCCAGTCAAGGGCA,tRNA
524,RF00005_AAGU03089511_1_8236-8306,GCATTGGTGGTTTAATAGTAGAATTCTCACCTTCCATGTGGGAGACCAGAGTTTGATTTCCAGTCAGTGCA,tRNA
525,RF00005_ABRR01151525_1_16496-16567,GAGGATGTAGCTCAGCAGTAGAGTGTGTGTCTAGCATGCATAAGGTCCTGAGTTTAATCCCCAGTACCTCCA,tRNA
526,RF00005_AALT01288564_1_1126-1193,AGGGAGATAGCTCAGAAGGCCGGAGCACATGCCTATCATGCATGAGACCCTGAGTTTGATTCTCCCTA,tRNA
527,RF00005_AAKN02045123_1_102796-102728,GGTGGGATAGCTCAGTGGTAGAGCACTTGCCTAGTATGTGTGATGTCCTGGGATCAAATCTCAGCACCA,tRNA
528,RF00005_CP001037_1_3675880-3675945,GGGGATGTAGCTCAGTTGGTTAAGAGCGCCTGTTTGTCGAAGTGAGTTCAAATCCTACCATCCCGA,tRNA
529,RF00005_AAHX01011088_1_9889-9821,GGAGATTTAGCTCAATGATAGAGCGCTTGCCTAGCAAGCACAAGGCCCTGGGTTCAGTTCTCAGCTCCA,tRNA
530,RF00005_AAGU03082541_1_2467-2409,TGGCAGAGTGGTTAAAAGCACTCGGCTGCTAACCGAGAGGTTGGTGGTGAAAACCCACT,tRNA
531,RF00005_DAAA02009162_1_57303-57374,TCCCAAGTGGCTCAGTGGTAAAGAACCTGCCTGCTAAGGCAGGAGATGTGGGTTCCATCCCTGTGTTGGGAA,tRNA
532,RF00005_AAKN02004052_1_42420-42350,GGAGATGTGGCTCAGTCACAGAGCATTTGCTTTGTATGCACAAGGCCCTGGGTTCAACTCCTAGCACTGCA,tRNA
533,RF00005_AAKN02028539_1_7090-7148,ATAGCTCAGTGACACAGTGCCTGCCTGACAAGCAGAATGTCCCGAGTTTGATTCTCGGT,tRNA
534,RF00005_ABRO01255768_1_247-316,GGGAATGTGTCTCAGTTGTAGAGAGCTTGCTTTGCATGCATGAGGCCCTGAGTTCGATTCTTCAGCACCA,tRNA
535,RF00005_AAGU03005009_1_204606-204676,GCAGTGGCAGTTCAGTGGTAGAATTCTCACCTTCCATGTGGGAGACCCGGCTTCCATTCCCTGCCAATGTG,tRNA
536,RF00005_AFTD01079999_1_10508-10436,GGCACTGTAGCCCAGTGGTAAGAGTACTTGCCTGATGTGCATGAAGCTCTAAGTTCAATCCCCAGGACTGCCA,tRNA
537,RF00005_AAPE02052045_1_5880-5984,GGCTGGTGTGCTAAGTGGTTAGAGCATTGGCCTGAAGGGCCACGGATTCGATTCCCAGTCAAGGGCACTTACCTGGGTTGTAGGTTCAATACCCTGCACTAGTCA,tRNA
538,RF00005_CP000478_1_1085871-1085962,AAGCGCCAAGCTCACTGGTGGGGCTCCCGGACTTCAAATCCGGTGCGGGGTAGTGAAGGCTGTCCCGGGTGGGTTCGATTCCCATGCGCTTC,tRNA
539,RF00005_AAPE02061864_1_1847-1775,GCTGTGGTGGCTCAGTGGACTGAGCGTCGTCCCATGGACCGAGAGGTCCCGGGTTCGATTCCCAGCCAAGGCA,tRNA
540,RF00005_AAGU03010662_1_85580-85522,AGTGATTAAGCGTTTGGTTGTTAACCAAAAGGTCGGTAGTTCAAATCTACCAGCTGCTC,tRNA
541,RF00005_AANH01011759_1_13843-13752,GACTCTGAGGCGCAATCGACAGGGCGTCGAACTTCTAGTATATCATCATGAAAGTAATTCAAAGGTTGTGGGTTCGAGTCCCTTCAGAGTTG,tRNA
542,RF00005_AFSB01180674_1_12797-12728,GGGGTTGTGGCTTAGTGATAAAGCACTTGCCTAGCATGCACAAGGCCCTGGGTTCCATCCCCAGCACTCA,tRNA
543,RF00005_AFSB01061705_1_13671-13733,GGGGATTTAGCTCAGTGGTACAGCGCCTGTCTTGCAAGCACAAGGACTGGAGTTCAATCCCCG,tRNA
544,RF00005_ABRR01094403_1_1770-1841,GAGGGTATAGCTCAGTGATAGAGTGACTGTTCAGCATCCATGATGTGCTGGGTTCAATACCCAGTACCTCCA,tRNA
545,RF00005_CP000448_1_2592775-2592663,GCTGATATTTTGGGATGTGTATAGCATTTTTAATCGTACATTACAATCAATCATTTTTTACCCGCAGCTGATTCGTAATCAGCAGGTCGCCGGTTCAAATCCGGCCATCGGCT,tRNA
546,RF00005_AGTP01099519_1_2178-2246,GGAATTGTGGCTTAGCAGTAGAGTGCTCACCTAGCATGTGTGAGGCCCTGGGTTCAATCCTCAGCACCA,tRNA
547,RF00005_AEWC01023341_1_19397-19324,GCATCCATGGATGAATGGTTAAAGCGTCCAACTCATAATTGGCAAATTTGTAGATTCAATTACTATTGGTGACA,tRNA
548,RF00005_ABRR01355012_1_3415-3343,TGGCATGTAAGCTCAGTGGTACAGCGCATGCTTAGCATGCAGGAGGTCCTGGGTTCAGTCCCCAGCATTTCCA,tRNA
549,RF00005_AAPN01392913_1_6206-6278,TGGTAATTAGCTCAGATGGTAGAGCACTTGCTTAGCTTGCAAGAGGTAGTAGGATCGATACCCACATTCCTCA,tRNA
550,RF00005_CP002057_1_1412927-1413012,CACGGGGTGCTGGACTTGGTAGTTCAGGGCGGACTTCAGATCCGTCGAGTTCCATGGGAATTCGGGGTTCGATTCCCCCCCTATGC,tRNA
551,RF00005_ABRO01027490_1_834-763,GGTTATATAGCTCAGTGGTAGAGTGCTTACTTTGTATATGTAAGGTCTTGGGTTTAATCCCCAGTATCAATG,tRNA
552,RF00005_ABJB010968081_1_888-816,CCCTGGTTAGCTCAGTTGCTATTGCGCTCCACTGGAAATGAAGAAGCCCCTGGTTCAATACCAGCACCAGGAG,tRNA
553,RF00005_DAAA02018268_1_5087-5016,TCCCTTGTGGCTCAGCTGGTGAAGAATCTGCCTGCTATGCAGGAGGCCCCGGTTCAATTCCTGGGTAGGGAA,tRNA
554,RF00005_DAAA02009732_1_50918-50989,TCCCTGGTGGCCCAGTGGTTAGGCATCTGCCTGCCAATGCAGAGGACATGGGTTCGACCCCTGATCCGGGAA,tRNA
555,RF00005_BACK01028075_1_2702-2773,GGCCTGATAGCTTAACTGGTGAAGCACTGCACCGGCATTGCGGAGGTTAGGGCTCGAATCCCCATGCAGCCC,tRNA
556,RF00005_AAGV020439922_1_940-1010,GCAGATGTGGCTCCGTGGTTGAGCGCCTGCTTCCCACCTAGGAGGTCCCAGGTTCAATCCCGGCCCCTGTA,tRNA
557,RF00005_AACY020759670_1_449-378,GCCCCAGTAGCTCAGGGGATAGAGCGCTGCCCTCCGCACGCAGGTACAGAGGTTCGAATCCTGTCGGTTGCG,tRNA
558,RF00005_DAAA02046541_1_190885-190812,TCCCTGGAAGTCCAATGGTTAGGGCTCCATGTTTTTTACTGCCAAGGGCCTAGGTTCAATTCCTGGTCAGGGAA,tRNA
559,RF00005_ACBE01178126_1_1934-1847,GCCTGGGTGGCTCAGTAGGTTTAGCATCTGACTTCTGCTCAGGTCAAGATCTCACAGTCGTCCGTGAGTTCGAGCCCCGCGTCAGGCT,tRNA
560,RF00005_AAQQ01721374_1_124-194,GGGGTTGGAGATCAGTGGTAGGGCACTTGCCTAGCATGCATGAGGCACTGGGTTCAATACCCAGTACCCCA,tRNA
561,RF00005_AGTP01002362_1_39603-39674,GGCATTGTAGCTCAGTGGTAGAGCGCTCGCCTGGCATGTGTAAGGCACTGGGTTCGATCCTCAGCACTACAT,tRNA
562,RF00005_ACHR01013268_1_1642-1725,GGGAGTGAAATAAAAAGCTTTTATCGGGCATGACTAGAAATCATGTGGGCTCTGCCCGCGCAGGTTCGAATCCTGCCGCTCACG,tRNA
563,RF00005_ACBE01060411_1_4014-3922,GCCTGGGTAGCTTAGTCGGTTAAAGTGTCTGACTCTTGGTTTCAGCTTAGGCATGATCTCACAGTTTTGTGGGTTCGAGCCCCACATCGGACT,tRNA
564,RF00005_ABRN01236853_1_8891-8963,TCCCTGGTGGTCCAGTGGTTAGGACTCCGCACTTCCACTGCAGGGGGCTCACGTTCAATCCCTGGCTGGCGAG,tRNA
565,RF00005_AAGV020361933_1_2063-1992,GGCTACTTGGCCCAATGGATAGGGCATCCGCCTACCATGTGGGAGGTCCATGGTTCAAACCCTGAGCCTCCT,tRNA
566,RF00005_ACBE01160278_1_4720-4801,GCTCAGTTGGTTAAGAGTATGACTCTTGATCTCAGCTCAGGTCTTGATCTGAAGATTGTGAGTTCAAGCCCCACATTGGGCT,tRNA
567,RF00005_ABRO01501387_1_947-1016,GGGAATGTGGCTTTGTGGTAGAGTGCTTGCTTGGGATGCATGAAGCCCTGGGTTCAATTCCTCAGTACCT,tRNA
568,RF00005_DAAA02054562_1_24256-24184,TTCCTGGTAGCCTAGTGACTAAGACTCTGTACTCCCAGTGTAGGGGGCCCAGGTTCAATCCCTGGTCAGGGAA,tRNA
569,RF00005_AEYP01036639_1_14145-14073,ATCTGACTAGCTCAGTCAGTAAAGCAAGTGACTCTTGATCTCAGGATTGTGGGTTCAAGCCCCACATTGGGTG,tRNA
570,RF00005_AAPN01154227_1_6256-6327,GGCAGCGTGGCTCAGTGGGACGAGCCCAGGCTTGGGAGTCAGAGGTCTCAGGTTCGAATCCCGGCTCTGCCG,tRNA
571,RF00005_AAEX03007302_1_26230-26158,ACCTGACTGGCTCAGTTGGCAGAGTGTGTGACTCTTGATCTCAGGGTTGTGAATTCAAGTCCCACATTTGGTA,tRNA
572,RF00005_AAVX01095382_1_403-332,GTGCTGTAGCTTAGGGATTGGAGCACTTGCTTGGCAAGCGAGAGGATCTGGGTTCGATTCCTGGACAGGGCG,tRNA
573,RF00005_DAAA02000059_1_198525-198453,TCTCTGGTTGTCCAGTGGTTAAGACCCCGTGCTCCTAATGCAGGAGACCTGGGTTCAATCCCCAGTTGGGGAA,tRNA
574,RF00005_AFSB01080555_1_1369-1301,GGGGATGTGCCTCAATGGTAGAGCACTTGCCTAGAATGCATGAGAACCTAGGTTCAAACTCTAGCGCCA,tRNA
575,RF00005_ABRR01339587_1_25-96,GAGGGTACCAGCTCAGTGGTAAGCGCGTGCTTAGCATGCATGAAACCCTGGGTTCTATCCCCGGTACCTCCA,tRNA
576,RF00005_ABLF02014067_1_11435-11365,AATCTTATATTCAAATAGGTATATGATATTAAGTTGCAAATTTAAAGGTATTAATTCATTAATTAAGGTTT,tRNA
577,RF00005_AALT01422857_1_130-58,GGATCAATAGCTCAGCAGGTAGGGCGTTTGCCTTGCATGCAACCGACCTGGGTTCGATTTCTCTGTCCCTCTT,tRNA
578,RF00005_AFTD01101098_1_90614-90545,GGTGAGCTGGCTCAGCAGTTAAGAGCACTGGCTACTTTTGCAGAGGACCTGGGTTCAATTCCCAGCACCC,tRNA
579,RF00005_ACZU01055446_1_23108-23179,GCACCCGTGGCGTAGTGGTAGCGCACTTGTCTCAGAAACAAAGGATTTTGGTTCAAAACCCACCTTAGGGCA,tRNA
580,RF00005_AAVX01055561_1_882-951,CGCCTTGACAAGCTAATTAGAGCACTCGCTTTACAAGTGAGAGATCCGAGTTCAATTCCAGGCAGGGCGA,tRNA
581,RF00005_AAGU03063960_1_27811-27881,ACACTGGTGGTTCAGTGGTACAATTCTCACCTTCCATGCGAAAGATCTAGGTTCAGTTCCTGGCCGATGCT,tRNA
582,RF00005_AGTP01074908_1_17491-17423,GGGGTTGTGGCTCAAGGGTAGAGCACTCACCTCACATGTGTGAAGCCCTGGGTTCAATACTCAACACCA,tRNA
583,RF00005_AGTP01016417_1_8089-8020,GGGGTTGTGGCTCAGTGGTAAGAGCACTTGCTAAGCATGTGTAAAGTATGAGGTTCAATCCTCAGCTCCA,tRNA
584,RF00005_AFSB01187745_1_9389-9460,GGGGGTGTAGCTCAGTGGTGGAGCAGATGTTTAATATTCATAAGATACTGGGGTCAATCCTCAGCACGCGCA,tRNA
585,RF00005_ACIV011971168_1_122-49,TCCCTGGTGATCCCAGTGTCTAAGACTCTGCATTCTCAATGCAGGGGGCCCAGGTTTGATCCCTGGCCAAGGAA,tRNA
586,RF00005_AAPN01079713_1_4111-4039,AGCAGTGTTTCTTAGTGGAAAGAACAGGGGTCTTGGGAGTCAGAGGAGCTGGGTTCTAATCCCAGCTCTGCCA,tRNA
587,RF00005_AAGU03068492_1_12688-12618,GCAGCGATGGTTCAGTGGTAGAATTCTCACCTTCCATGTGGGAGACTCAAGTTCAGTTCCTTGCCAATGCA,tRNA
588,RF00005_AAVX01524298_1_185-273,GGCTGATTGGTCGAGGGTTATGATTCTCACTTCGGGCTCACAATTCAAGGTAAAGTAAGAGGTCCCGGGTTCAATTCCCAGATGAGCCT,tRNA
589,RF00005_AAHX01075651_1_39109-39041,GGGGATTTAGCTCAGTGGTAGAGCGCTTGCCTAGGAAGTGCAAGGCCCTGGGCTTGGGCTCGATCCCCA,tRNA
590,RF00005_DAAA02050666_1_55885-55955,TCCCCAGTGGCTCAGTGGTAAAGAATCTGCCTGTCAAGCAGGAGTTACGGGTTTGATCCCTGGGTAGGGAA,tRNA
591,RF00005_DAAA02043302_1_149510-149438,TCTCCAGTGGTCCAGTGGTTAAGACCCTGCATTTACACTGCAGGGACCACAGGTTCGCTCCCTGGTCAGGGAA,tRNA
592,RF00005_DAAA02031957_1_1372-1300,TCCCTGATGGTCCAGTGGCTAAGACTCCATGCTCCCAACGGAGGAGGCCTGGGTTTGATCCCTGGTCAGGGAG,tRNA
593,RF00005_AANG01100701_1_12034-12107,GCCTGACTGGCTCAATCGGATAAGCATGGGACTCTTGATCTCGGGGGTTGTGGGTTTGAACCCCACCTTGGGTG,tRNA
594,RF00005_AAGV021017292_1_131-203,GGAGATGTGGCTAAAGTGGTTGAGTGCCTACTTCCTACATGGGTGGTCCCAGGTTCAGTCCCTGGTGCCTCCT,tRNA
595,RF00005_AGTP01046893_1_39289-39221,GGGGTTGGGGCTCAGTGGTAGAGCGCTCGCCTAGGATGCTTGAGGCACTGAGTTCGAGCCTCAGCACCA,tRNA
596,RF00005_AAPN01070078_1_23781-23709,GGCAGTGTGGCCTAGTGGAAAGAGCACAGAACCTGGGAGTCAGAGGACCTGAGTTCTAACTCAGGCTCTGCCA,tRNA
597,RF00005_AAGU03087718_1_22111-22039,GCCTGGCTAGCGCAGTGGGTAGAGCATGAGACTCTTAATCTCAGCGTCCTAGGTTTAGGCCCCATGTTGGGCA,tRNA
598,RF00005_AANN01345906_1_735-655,GGAGAGGTAGCATAGTGGTTATGCAAAAAGTCTCTCATGCCTTAGGCTCTGAGGTTCTGGGTTCAATCCCCAGCACTGCCA,tRNA
599,RF00005_DAAA02039249_1_49640-49569,TCCTTGGTGGTTCAGATGGTAAAGTGCCTGTCTGCAATGCAGGAGACCTGGGTTCGATACCTGGGTTGGGAA,tRNA
